partition,sample_id,image_path,mask_path,width,height,original_mask_width,original_mask_height,mask_resized_nearest,classes_present,mask_policy,non_exact_rgb_pixels,total_pixels,quantized_pixels,quantized_ratio,size_repaired,repair_method,scene_group_id
train_val,d_r_14_,data/suim_processed/images/train_val/d_r_14_.jpg,data/suim_processed/masks/train_val/d_r_14_.png,1280,720,1280,720,0,0|1|3,bit_threshold,0,921600,0,0.0,False,none,scene:d_r_14_
train_val,d_r_165_,data/suim_processed/images/train_val/d_r_165_.jpg,data/suim_processed/masks/train_val/d_r_165_.png,640,480,640,480,0,0|1|5|6,bit_threshold,0,307200,0,0.0,False,none,scene:d_r_165_
train_val,d_r_174_,data/suim_processed/images/train_val/d_r_174_.jpg,data/suim_processed/masks/train_val/d_r_174_.png,1280,720,1280,720,0,0|1|3|4|5|7,bit_threshold,226384,921600,226384,0.2456423611111111,False,none,scene:d_r_174_
train_val,d_r_198_,data/suim_processed/images/train_val/d_r_198_.jpg,data/suim_processed/masks/train_val/d_r_198_.png,1906,1080,1906,1080,0,0|1|4|5,bit_threshold,0,2058480,0,0.0,False,none,scene:d_r_198_
train_val,d_r_259_,data/suim_processed/images/train_val/d_r_259_.jpg,data/suim_processed/masks/train_val/d_r_259_.png,640,480,640,480,0,0|1|5,bit_threshold,0,307200,0,0.0,False,none,scene:d_r_259_
train_val,d_r_270_,data/suim_processed/images/train_val/d_r_270_.jpg,data/suim_processed/masks/train_val/d_r_270_.png,640,480,640,480,0,0|1|5,bit_threshold,205513,307200,205513,0.6689876302083333,False,none,scene:d_r_270_
train_val,d_r_275_,data/suim_processed/images/train_val/d_r_275_.jpg,data/suim_processed/masks/train_val/d_r_275_.png,416,416,416,416,0,0|1|5|7,bit_threshold,0,173056,0,0.0,False,none,scene:d_r_275_
train_val,d_r_288_,data/suim_processed/images/train_val/d_r_288_.jpg,data/suim_processed/masks/train_val/d_r_288_.png,640,480,640,480,0,0|1|5,bit_threshold,0,307200,0,0.0,False,none,scene:d_r_288_
train_val,d_r_297_,data/suim_processed/images/train_val/d_r_297_.jpg,data/suim_processed/masks/train_val/d_r_297_.png,640,480,640,480,0,0|1|6|7,bit_threshold,0,307200,0,0.0,False,none,scene:d_r_297_
train_val,d_r_29_,data/suim_processed/images/train_val/d_r_29_.jpg,data/suim_processed/masks/train_val/d_r_29_.png,800,600,800,600,0,0|1,bit_threshold,0,480000,0,0.0,False,none,scene:d_r_29_
train_val,d_r_312_,data/suim_processed/images/train_val/d_r_312_.jpg,data/suim_processed/masks/train_val/d_r_312_.png,640,480,640,480,0,0|1|7,bit_threshold,0,307200,0,0.0,False,none,scene:d_r_312_
train_val,d_r_316_,data/suim_processed/images/train_val/d_r_316_.jpg,data/suim_processed/masks/train_val/d_r_316_.png,640,480,640,480,0,0|5|6,bit_threshold,0,307200,0,0.0,False,none,scene:d_r_316_
train_val,d_r_323_,data/suim_processed/images/train_val/d_r_323_.jpg,data/suim_processed/masks/train_val/d_r_323_.png,640,480,640,480,0,0|1|7,bit_threshold,0,307200,0,0.0,False,none,scene:d_r_323_
train_val,d_r_340_,data/suim_processed/images/train_val/d_r_340_.jpg,data/suim_processed/masks/train_val/d_r_340_.png,960,540,960,540,0,0|1|4,bit_threshold,0,518400,0,0.0,False,none,scene:d_r_340_
train_val,d_r_403_,data/suim_processed/images/train_val/d_r_403_.jpg,data/suim_processed/masks/train_val/d_r_403_.png,1280,720,1280,720,0,0|1|3,bit_threshold,0,921600,0,0.0,False,none,scene:d_r_403_
train_val,d_r_439_,data/suim_processed/images/train_val/d_r_439_.jpg,data/suim_processed/masks/train_val/d_r_439_.png,1280,720,1280,720,0,0|1|3,bit_threshold,0,921600,0,0.0,False,none,scene:d_r_439_
train_val,d_r_466_,data/suim_processed/images/train_val/d_r_466_.jpg,data/suim_processed/masks/train_val/d_r_466_.png,1280,720,1280,720,0,0|1|6|7,bit_threshold,0,921600,0,0.0,False,none,scene:d_r_466_
train_val,d_r_476_,data/suim_processed/images/train_val/d_r_476_.jpg,data/suim_processed/masks/train_val/d_r_476_.png,480,448,480,448,0,0|1|5|7,bit_threshold,0,215040,0,0.0,False,none,scene:d_r_476_
train_val,d_r_493_,data/suim_processed/images/train_val/d_r_493_.jpg,data/suim_processed/masks/train_val/d_r_493_.png,640,480,640,480,0,1|4|5,bit_threshold,0,307200,0,0.0,False,none,scene:d_r_493_
train_val,d_r_514_,data/suim_processed/images/train_val/d_r_514_.jpg,data/suim_processed/masks/train_val/d_r_514_.png,640,480,640,480,0,0|1|6|7,bit_threshold,0,307200,0,0.0,False,none,scene:d_r_514_
train_val,d_r_526_,data/suim_processed/images/train_val/d_r_526_.jpg,data/suim_processed/masks/train_val/d_r_526_.png,800,600,800,600,0,0|1,bit_threshold,0,480000,0,0.0,False,none,scene:d_r_526_
train_val,d_r_542_,data/suim_processed/images/train_val/d_r_542_.jpg,data/suim_processed/masks/train_val/d_r_542_.png,1906,1080,1906,1080,0,0|1|4|5,bit_threshold,0,2058480,0,0.0,False,none,scene:d_r_198_
train_val,d_r_555_,data/suim_processed/images/train_val/d_r_555_.jpg,data/suim_processed/masks/train_val/d_r_555_.png,640,480,640,480,0,0|1|5|7,bit_threshold,0,307200,0,0.0,False,none,scene:d_r_555_
train_val,d_r_564_,data/suim_processed/images/train_val/d_r_564_.jpg,data/suim_processed/masks/train_val/d_r_564_.png,1280,720,1280,720,0,0|1|4|5,bit_threshold,252332,921600,252332,0.2737977430555555,False,none,scene:d_r_564_
train_val,d_r_588_,data/suim_processed/images/train_val/d_r_588_.jpg,data/suim_processed/masks/train_val/d_r_588_.png,960,540,960,540,0,0|1|4,bit_threshold,0,518400,0,0.0,False,none,scene:d_r_588_
train_val,d_r_591_,data/suim_processed/images/train_val/d_r_591_.jpg,data/suim_processed/masks/train_val/d_r_591_.png,640,480,640,480,0,0|1|5,bit_threshold,0,307200,0,0.0,False,none,scene:d_r_591_
train_val,d_r_597_,data/suim_processed/images/train_val/d_r_597_.jpg,data/suim_processed/masks/train_val/d_r_597_.png,960,540,960,540,0,0|1|5|6|7,bit_threshold,0,518400,0,0.0,False,none,scene:d_r_597_
train_val,d_r_606_,data/suim_processed/images/train_val/d_r_606_.jpg,data/suim_processed/masks/train_val/d_r_606_.png,640,360,640,360,0,0|1|5|6,bit_threshold,0,230400,0,0.0,False,none,scene:d_r_606_
train_val,d_r_615_,data/suim_processed/images/train_val/d_r_615_.jpg,data/suim_processed/masks/train_val/d_r_615_.png,1280,720,1280,720,0,0|1|5|7,bit_threshold,0,921600,0,0.0,False,none,scene:d_r_615_
train_val,d_r_629_,data/suim_processed/images/train_val/d_r_629_.jpg,data/suim_processed/masks/train_val/d_r_629_.png,640,480,640,480,0,6|7,bit_threshold,0,307200,0,0.0,False,none,scene:d_r_629_
train_val,d_r_649_,data/suim_processed/images/train_val/d_r_649_.jpg,data/suim_processed/masks/train_val/d_r_649_.png,1280,720,1280,720,0,0|1|3,bit_threshold,0,921600,0,0.0,False,none,scene:d_r_649_
train_val,d_r_657_,data/suim_processed/images/train_val/d_r_657_.jpg,data/suim_processed/masks/train_val/d_r_657_.png,1906,1080,1906,1080,0,4|5,bit_threshold,0,2058480,0,0.0,False,none,scene:d_r_657_
train_val,d_r_65_,data/suim_processed/images/train_val/d_r_65_.jpg,data/suim_processed/masks/train_val/d_r_65_.png,640,480,640,480,0,0|1|2|3,bit_threshold,132841,307200,132841,0.4324251302083333,False,none,scene:d_r_65_
train_val,d_r_664_,data/suim_processed/images/train_val/d_r_664_.jpg,data/suim_processed/masks/train_val/d_r_664_.png,1280,720,1280,720,0,0|4|7,bit_threshold,0,921600,0,0.0,False,none,scene:d_r_664_
train_val,d_r_67_,data/suim_processed/images/train_val/d_r_67_.jpg,data/suim_processed/masks/train_val/d_r_67_.png,640,480,640,480,0,0|1|5,bit_threshold,0,307200,0,0.0,False,none,scene:d_r_67_
train_val,d_r_712_,data/suim_processed/images/train_val/d_r_712_.jpg,data/suim_processed/masks/train_val/d_r_712_.png,416,416,416,416,0,0|1|7,bit_threshold,0,173056,0,0.0,False,none,scene:d_r_712_
train_val,d_r_739_,data/suim_processed/images/train_val/d_r_739_.jpg,data/suim_processed/masks/train_val/d_r_739_.png,960,540,960,540,0,0|1|4|7,bit_threshold,0,518400,0,0.0,False,none,scene:d_r_739_
train_val,d_r_740_,data/suim_processed/images/train_val/d_r_740_.jpg,data/suim_processed/masks/train_val/d_r_740_.png,640,480,640,480,0,0|1|5,bit_threshold,0,307200,0,0.0,False,none,scene:d_r_740_
train_val,d_r_746_,data/suim_processed/images/train_val/d_r_746_.jpg,data/suim_processed/masks/train_val/d_r_746_.png,480,448,480,448,0,0|1|4|5,bit_threshold,0,215040,0,0.0,False,none,scene:d_r_746_
train_val,d_r_800_,data/suim_processed/images/train_val/d_r_800_.jpg,data/suim_processed/masks/train_val/d_r_800_.png,1280,720,1280,720,0,0|1|4|6|7,bit_threshold,0,921600,0,0.0,False,none,scene:d_r_800_
train_val,d_r_87_,data/suim_processed/images/train_val/d_r_87_.jpg,data/suim_processed/masks/train_val/d_r_87_.png,640,480,640,480,0,0|1|2|5|7,bit_threshold,0,307200,0,0.0,False,none,scene:d_r_87_
train_val,f_r_1014_,data/suim_processed/images/train_val/f_r_1014_.jpg,data/suim_processed/masks/train_val/f_r_1014_.png,640,480,640,480,0,0|5,bit_threshold,0,307200,0,0.0,False,none,scene:f_r_1014_
train_val,f_r_1019_,data/suim_processed/images/train_val/f_r_1019_.jpg,data/suim_processed/masks/train_val/f_r_1019_.png,640,480,640,480,0,0|5,bit_threshold,0,307200,0,0.0,False,none,scene:f_r_1019_
train_val,f_r_1025_,data/suim_processed/images/train_val/f_r_1025_.jpg,data/suim_processed/masks/train_val/f_r_1025_.png,640,480,640,480,0,0|5|6,bit_threshold,0,307200,0,0.0,False,none,scene:f_r_1025_
train_val,f_r_1026_,data/suim_processed/images/train_val/f_r_1026_.jpg,data/suim_processed/masks/train_val/f_r_1026_.png,640,480,640,480,0,0|1|2|5|6|7,bit_threshold,0,307200,0,0.0,False,none,scene:f_r_1026_
train_val,f_r_1029_,data/suim_processed/images/train_val/f_r_1029_.jpg,data/suim_processed/masks/train_val/f_r_1029_.png,640,480,640,480,0,0|5,bit_threshold,0,307200,0,0.0,False,none,scene:f_r_1029_
train_val,f_r_1030_,data/suim_processed/images/train_val/f_r_1030_.jpg,data/suim_processed/masks/train_val/f_r_1030_.png,640,480,640,480,0,0|5|6|7,bit_threshold,0,307200,0,0.0,False,none,scene:f_r_1030_
train_val,f_r_1047_,data/suim_processed/images/train_val/f_r_1047_.jpg,data/suim_processed/masks/train_val/f_r_1047_.png,640,480,640,480,0,6|7,bit_threshold,0,307200,0,0.0,False,none,scene:f_r_1047_
train_val,f_r_1050_,data/suim_processed/images/train_val/f_r_1050_.jpg,data/suim_processed/masks/train_val/f_r_1050_.png,640,480,640,480,0,2|5|6,bit_threshold,0,307200,0,0.0,False,none,scene:f_r_1050_
train_val,f_r_1053_,data/suim_processed/images/train_val/f_r_1053_.jpg,data/suim_processed/masks/train_val/f_r_1053_.png,640,480,640,480,0,0|5|6,bit_threshold,0,307200,0,0.0,False,none,scene:f_r_1053_
train_val,f_r_1081_,data/suim_processed/images/train_val/f_r_1081_.jpg,data/suim_processed/masks/train_val/f_r_1081_.png,640,480,640,480,0,0|5|6,bit_threshold,0,307200,0,0.0,False,none,scene:f_r_1081_
train_val,f_r_1102_,data/suim_processed/images/train_val/f_r_1102_.jpg,data/suim_processed/masks/train_val/f_r_1102_.png,640,480,640,480,0,0|3|6,bit_threshold,0,307200,0,0.0,False,none,scene:f_r_1102_
train_val,f_r_1108_,data/suim_processed/images/train_val/f_r_1108_.jpg,data/suim_processed/masks/train_val/f_r_1108_.png,640,480,640,480,0,0|2|5|6|7,bit_threshold,0,307200,0,0.0,False,none,scene:f_r_1108_
train_val,f_r_1114_,data/suim_processed/images/train_val/f_r_1114_.jpg,data/suim_processed/masks/train_val/f_r_1114_.png,640,480,640,480,0,0|2|5,bit_threshold,0,307200,0,0.0,False,none,scene:f_r_1114_
train_val,f_r_1116_,data/suim_processed/images/train_val/f_r_1116_.jpg,data/suim_processed/masks/train_val/f_r_1116_.png,640,480,640,480,0,6|7,bit_threshold,0,307200,0,0.0,False,none,scene:f_r_1116_
train_val,f_r_1120_,data/suim_processed/images/train_val/f_r_1120_.jpg,data/suim_processed/masks/train_val/f_r_1120_.png,640,480,640,480,0,6|7,bit_threshold,0,307200,0,0.0,False,none,scene:f_r_1120_
train_val,f_r_1123_,data/suim_processed/images/train_val/f_r_1123_.jpg,data/suim_processed/masks/train_val/f_r_1123_.png,640,480,640,480,0,5|6|7,bit_threshold,0,307200,0,0.0,False,none,scene:f_r_1123_
train_val,f_r_1127_,data/suim_processed/images/train_val/f_r_1127_.jpg,data/suim_processed/masks/train_val/f_r_1127_.png,640,480,640,480,0,0|2|5|6,bit_threshold,0,307200,0,0.0,False,none,scene:f_r_1127_
train_val,f_r_1130_,data/suim_processed/images/train_val/f_r_1130_.jpg,data/suim_processed/masks/train_val/f_r_1130_.png,640,480,640,480,0,0|5,bit_threshold,0,307200,0,0.0,False,none,scene:f_r_1130_
train_val,f_r_1137_,data/suim_processed/images/train_val/f_r_1137_.jpg,data/suim_processed/masks/train_val/f_r_1137_.png,640,480,640,480,0,0|2|5|6|7,bit_threshold,0,307200,0,0.0,False,none,scene:f_r_1137_
train_val,f_r_1140_,data/suim_processed/images/train_val/f_r_1140_.jpg,data/suim_processed/masks/train_val/f_r_1140_.png,640,480,640,480,0,0|1|3,bit_threshold,0,307200,0,0.0,False,none,scene:f_r_1140_
train_val,f_r_1178_,data/suim_processed/images/train_val/f_r_1178_.jpg,data/suim_processed/masks/train_val/f_r_1178_.png,640,480,640,480,0,0|1|6|7,bit_threshold,0,307200,0,0.0,False,none,scene:f_r_1178_
train_val,f_r_1180_,data/suim_processed/images/train_val/f_r_1180_.jpg,data/suim_processed/masks/train_val/f_r_1180_.png,640,480,640,480,0,0|5,bit_threshold,0,307200,0,0.0,False,none,scene:f_r_1180_
train_val,f_r_1193_,data/suim_processed/images/train_val/f_r_1193_.jpg,data/suim_processed/masks/train_val/f_r_1193_.png,640,480,640,480,0,0|1|5|6,bit_threshold,0,307200,0,0.0,False,none,scene:f_r_1193_
train_val,f_r_1194_,data/suim_processed/images/train_val/f_r_1194_.jpg,data/suim_processed/masks/train_val/f_r_1194_.png,640,480,640,480,0,0|5|6,bit_threshold,0,307200,0,0.0,False,none,scene:f_r_1194_
train_val,f_r_1201_,data/suim_processed/images/train_val/f_r_1201_.jpg,data/suim_processed/masks/train_val/f_r_1201_.png,640,480,640,480,0,0|5|6,bit_threshold,0,307200,0,0.0,False,none,scene:f_r_1201_
train_val,f_r_1231_,data/suim_processed/images/train_val/f_r_1231_.jpg,data/suim_processed/masks/train_val/f_r_1231_.png,640,480,640,480,0,0|5|6,bit_threshold,0,307200,0,0.0,False,none,scene:f_r_1231_
train_val,f_r_1239_,data/suim_processed/images/train_val/f_r_1239_.jpg,data/suim_processed/masks/train_val/f_r_1239_.png,640,480,640,480,0,0|6,bit_threshold,0,307200,0,0.0,False,none,scene:f_r_1239_
train_val,f_r_1242_,data/suim_processed/images/train_val/f_r_1242_.jpg,data/suim_processed/masks/train_val/f_r_1242_.png,640,480,640,480,0,0|5|6,bit_threshold,0,307200,0,0.0,False,none,scene:f_r_1242_
train_val,f_r_1243_,data/suim_processed/images/train_val/f_r_1243_.jpg,data/suim_processed/masks/train_val/f_r_1243_.png,640,480,640,480,0,0|2|5|6|7,bit_threshold,0,307200,0,0.0,False,none,scene:f_r_1243_
train_val,f_r_1246_,data/suim_processed/images/train_val/f_r_1246_.jpg,data/suim_processed/masks/train_val/f_r_1246_.png,640,480,640,480,0,0|1|2|3|4|5|6|7,bit_threshold,110095,307200,110095,0.3583821614583333,False,none,scene:f_r_1246_
train_val,f_r_1252_,data/suim_processed/images/train_val/f_r_1252_.jpg,data/suim_processed/masks/train_val/f_r_1252_.png,640,480,640,480,0,0|5|6,bit_threshold,0,307200,0,0.0,False,none,scene:f_r_1252_
train_val,f_r_126_,data/suim_processed/images/train_val/f_r_126_.jpg,data/suim_processed/masks/train_val/f_r_126_.png,640,480,640,480,0,5|6,bit_threshold,0,307200,0,0.0,False,none,scene:f_r_126_
train_val,f_r_1332_,data/suim_processed/images/train_val/f_r_1332_.jpg,data/suim_processed/masks/train_val/f_r_1332_.png,640,480,640,480,0,0|4|5|6|7,bit_threshold,116989,307200,116989,0.3808235677083333,False,none,scene:f_r_1332_
train_val,f_r_1346_,data/suim_processed/images/train_val/f_r_1346_.jpg,data/suim_processed/masks/train_val/f_r_1346_.png,640,480,640,480,0,0|5,bit_threshold,0,307200,0,0.0,False,none,scene:f_r_1346_
train_val,f_r_1347_,data/suim_processed/images/train_val/f_r_1347_.jpg,data/suim_processed/masks/train_val/f_r_1347_.png,640,480,640,480,0,0|1|6|7,bit_threshold,0,307200,0,0.0,False,none,scene:f_r_1347_
train_val,f_r_1362_,data/suim_processed/images/train_val/f_r_1362_.jpg,data/suim_processed/masks/train_val/f_r_1362_.png,640,480,640,480,0,0|5|6,bit_threshold,0,307200,0,0.0,False,none,scene:f_r_1362_
train_val,f_r_1365_,data/suim_processed/images/train_val/f_r_1365_.jpg,data/suim_processed/masks/train_val/f_r_1365_.png,640,480,640,480,0,0|5|6,bit_threshold,0,307200,0,0.0,False,none,scene:f_r_1365_
train_val,f_r_1375_,data/suim_processed/images/train_val/f_r_1375_.jpg,data/suim_processed/masks/train_val/f_r_1375_.png,640,480,640,480,0,0|5,bit_threshold,0,307200,0,0.0,False,none,scene:f_r_1375_
train_val,f_r_1383_,data/suim_processed/images/train_val/f_r_1383_.jpg,data/suim_processed/masks/train_val/f_r_1383_.png,640,480,640,480,0,0|5|6,bit_threshold,0,307200,0,0.0,False,none,scene:f_r_1383_
train_val,f_r_1385_,data/suim_processed/images/train_val/f_r_1385_.jpg,data/suim_processed/masks/train_val/f_r_1385_.png,640,480,640,480,0,0|5|6,bit_threshold,0,307200,0,0.0,False,none,scene:f_r_1385_
train_val,f_r_1439_,data/suim_processed/images/train_val/f_r_1439_.jpg,data/suim_processed/masks/train_val/f_r_1439_.png,640,480,640,480,0,0|5|6,bit_threshold,0,307200,0,0.0,False,none,scene:f_r_1439_
train_val,f_r_1444_,data/suim_processed/images/train_val/f_r_1444_.jpg,data/suim_processed/masks/train_val/f_r_1444_.png,640,480,640,480,0,2|5|6|7,bit_threshold,0,307200,0,0.0,False,none,scene:f_r_1444_
train_val,f_r_1446_,data/suim_processed/images/train_val/f_r_1446_.jpg,data/suim_processed/masks/train_val/f_r_1446_.png,640,480,640,480,0,3|7,bit_threshold,0,307200,0,0.0,False,none,scene:f_r_1446_
train_val,f_r_1447_,data/suim_processed/images/train_val/f_r_1447_.jpg,data/suim_processed/masks/train_val/f_r_1447_.png,640,480,640,480,0,5|6,bit_threshold,0,307200,0,0.0,False,none,scene:f_r_1447_
train_val,f_r_145_,data/suim_processed/images/train_val/f_r_145_.jpg,data/suim_processed/masks/train_val/f_r_145_.png,640,480,640,480,0,2|5|6|7,bit_threshold,0,307200,0,0.0,False,none,scene:f_r_145_
train_val,f_r_1499_,data/suim_processed/images/train_val/f_r_1499_.jpg,data/suim_processed/masks/train_val/f_r_1499_.png,640,480,640,480,0,0|5|6,bit_threshold,0,307200,0,0.0,False,none,scene:f_r_1499_
train_val,f_r_1514_,data/suim_processed/images/train_val/f_r_1514_.jpg,data/suim_processed/masks/train_val/f_r_1514_.png,640,480,640,480,0,5|6|7,bit_threshold,0,307200,0,0.0,False,none,scene:f_r_1514_
train_val,f_r_152_,data/suim_processed/images/train_val/f_r_152_.jpg,data/suim_processed/masks/train_val/f_r_152_.png,640,480,640,480,0,0|5|6,bit_threshold,0,307200,0,0.0,False,none,scene:f_r_152_
train_val,f_r_154_,data/suim_processed/images/train_val/f_r_154_.jpg,data/suim_processed/masks/train_val/f_r_154_.png,640,480,640,480,0,0|5|7,bit_threshold,0,307200,0,0.0,False,none,scene:f_r_154_
train_val,f_r_1571_,data/suim_processed/images/train_val/f_r_1571_.jpg,data/suim_processed/masks/train_val/f_r_1571_.png,640,480,640,480,0,6|7,bit_threshold,0,307200,0,0.0,False,none,scene:f_r_1571_
train_val,f_r_1599_,data/suim_processed/images/train_val/f_r_1599_.jpg,data/suim_processed/masks/train_val/f_r_1599_.png,640,480,640,480,0,6|7,bit_threshold,0,307200,0,0.0,False,none,scene:f_r_1599_
train_val,f_r_1606_,data/suim_processed/images/train_val/f_r_1606_.jpg,data/suim_processed/masks/train_val/f_r_1606_.png,640,480,640,480,0,0|5|6,bit_threshold,0,307200,0,0.0,False,none,scene:f_r_1606_
train_val,f_r_1609_,data/suim_processed/images/train_val/f_r_1609_.jpg,data/suim_processed/masks/train_val/f_r_1609_.png,640,480,640,480,0,0|5|6|7,bit_threshold,0,307200,0,0.0,False,none,scene:f_r_1609_
train_val,f_r_1635_,data/suim_processed/images/train_val/f_r_1635_.jpg,data/suim_processed/masks/train_val/f_r_1635_.png,640,480,640,480,0,0|5|6|7,bit_threshold,0,307200,0,0.0,False,none,scene:f_r_1635_
train_val,f_r_163_,data/suim_processed/images/train_val/f_r_163_.jpg,data/suim_processed/masks/train_val/f_r_163_.png,640,480,640,480,0,0|5|6,bit_threshold,0,307200,0,0.0,False,none,scene:f_r_163_
train_val,f_r_1660_,data/suim_processed/images/train_val/f_r_1660_.jpg,data/suim_processed/masks/train_val/f_r_1660_.png,640,480,640,480,0,0|5|7,bit_threshold,0,307200,0,0.0,False,none,scene:f_r_1660_
train_val,f_r_1663_,data/suim_processed/images/train_val/f_r_1663_.jpg,data/suim_processed/masks/train_val/f_r_1663_.png,640,480,640,480,0,0|6,bit_threshold,0,307200,0,0.0,False,none,scene:f_r_1663_
train_val,f_r_1664_,data/suim_processed/images/train_val/f_r_1664_.jpg,data/suim_processed/masks/train_val/f_r_1664_.png,640,480,640,480,0,0|6|7,bit_threshold,25697,307200,25697,0.0836490885416666,False,none,scene:f_r_1664_
train_val,f_r_1679_,data/suim_processed/images/train_val/f_r_1679_.jpg,data/suim_processed/masks/train_val/f_r_1679_.png,640,480,640,480,0,0|1|6|7,bit_threshold,0,307200,0,0.0,False,none,scene:f_r_1679_
train_val,f_r_1684_,data/suim_processed/images/train_val/f_r_1684_.jpg,data/suim_processed/masks/train_val/f_r_1684_.png,640,480,640,480,0,0|1|5|7,bit_threshold,0,307200,0,0.0,False,none,scene:f_r_1684_
train_val,f_r_1685_,data/suim_processed/images/train_val/f_r_1685_.jpg,data/suim_processed/masks/train_val/f_r_1685_.png,640,480,640,480,0,0|5|6,bit_threshold,0,307200,0,0.0,False,none,scene:f_r_1685_
train_val,f_r_1691_,data/suim_processed/images/train_val/f_r_1691_.jpg,data/suim_processed/masks/train_val/f_r_1691_.png,640,480,640,480,0,5|6|7,bit_threshold,0,307200,0,0.0,False,none,scene:f_r_1691_
train_val,f_r_1696_,data/suim_processed/images/train_val/f_r_1696_.jpg,data/suim_processed/masks/train_val/f_r_1696_.png,640,480,640,480,0,0|5|6,bit_threshold,0,307200,0,0.0,False,none,scene:f_r_1696_
train_val,f_r_1698_,data/suim_processed/images/train_val/f_r_1698_.jpg,data/suim_processed/masks/train_val/f_r_1698_.png,640,480,640,480,0,5|6|7,bit_threshold,0,307200,0,0.0,False,none,scene:f_r_1698_
train_val,f_r_1709_,data/suim_processed/images/train_val/f_r_1709_.jpg,data/suim_processed/masks/train_val/f_r_1709_.png,640,480,640,480,0,0|5,bit_threshold,0,307200,0,0.0,False,none,scene:f_r_1709_
train_val,f_r_1731_,data/suim_processed/images/train_val/f_r_1731_.jpg,data/suim_processed/masks/train_val/f_r_1731_.png,640,480,640,480,0,2|5|6|7,bit_threshold,0,307200,0,0.0,False,none,scene:f_r_1731_
train_val,f_r_1736_,data/suim_processed/images/train_val/f_r_1736_.jpg,data/suim_processed/masks/train_val/f_r_1736_.png,640,480,640,480,0,0|1|5|6,bit_threshold,0,307200,0,0.0,False,none,scene:f_r_1736_
train_val,f_r_173_,data/suim_processed/images/train_val/f_r_173_.jpg,data/suim_processed/masks/train_val/f_r_173_.png,640,480,640,480,0,2|5|7,bit_threshold,0,307200,0,0.0,False,none,scene:f_r_173_
train_val,f_r_1745_,data/suim_processed/images/train_val/f_r_1745_.jpg,data/suim_processed/masks/train_val/f_r_1745_.png,640,480,640,480,0,0|2|6,bit_threshold,0,307200,0,0.0,False,none,scene:f_r_1745_
train_val,f_r_1754_,data/suim_processed/images/train_val/f_r_1754_.jpg,data/suim_processed/masks/train_val/f_r_1754_.png,640,480,640,480,0,0|5|7,bit_threshold,0,307200,0,0.0,False,none,scene:f_r_1754_
train_val,f_r_1769_,data/suim_processed/images/train_val/f_r_1769_.jpg,data/suim_processed/masks/train_val/f_r_1769_.png,640,480,640,480,0,0|5|6,bit_threshold,0,307200,0,0.0,False,none,scene:f_r_1769_
train_val,f_r_1770_,data/suim_processed/images/train_val/f_r_1770_.jpg,data/suim_processed/masks/train_val/f_r_1770_.png,640,480,640,480,0,0|5|6,bit_threshold,0,307200,0,0.0,False,none,scene:f_r_1770_
train_val,f_r_1791_,data/suim_processed/images/train_val/f_r_1791_.jpg,data/suim_processed/masks/train_val/f_r_1791_.png,640,480,640,480,0,5|6|7,bit_threshold,0,307200,0,0.0,False,none,scene:f_r_1791_
train_val,f_r_1811_,data/suim_processed/images/train_val/f_r_1811_.jpg,data/suim_processed/masks/train_val/f_r_1811_.png,640,480,640,480,0,5|6|7,bit_threshold,0,307200,0,0.0,False,none,scene:f_r_1811_
train_val,f_r_1821_,data/suim_processed/images/train_val/f_r_1821_.jpg,data/suim_processed/masks/train_val/f_r_1821_.png,640,480,640,480,0,0|5,bit_threshold,0,307200,0,0.0,False,none,scene:f_r_1821_
train_val,f_r_1847_,data/suim_processed/images/train_val/f_r_1847_.jpg,data/suim_processed/masks/train_val/f_r_1847_.png,640,480,640,480,0,5|6|7,bit_threshold,0,307200,0,0.0,False,none,scene:f_r_1847_
train_val,f_r_1883_,data/suim_processed/images/train_val/f_r_1883_.jpg,data/suim_processed/masks/train_val/f_r_1883_.png,640,480,640,480,0,0|5|6,bit_threshold,0,307200,0,0.0,False,none,scene:f_r_1883_
train_val,f_r_1901_,data/suim_processed/images/train_val/f_r_1901_.jpg,data/suim_processed/masks/train_val/f_r_1901_.png,640,480,640,480,0,5|6,bit_threshold,0,307200,0,0.0,False,none,scene:f_r_1901_
train_val,f_r_1937_,data/suim_processed/images/train_val/f_r_1937_.jpg,data/suim_processed/masks/train_val/f_r_1937_.png,640,480,640,480,0,5|6|7,bit_threshold,0,307200,0,0.0,False,none,scene:f_r_1937_
train_val,f_r_1939_,data/suim_processed/images/train_val/f_r_1939_.jpg,data/suim_processed/masks/train_val/f_r_1939_.png,960,540,960,540,0,5|6|7,bit_threshold,0,518400,0,0.0,False,none,scene:f_r_1939_
train_val,f_r_1943_,data/suim_processed/images/train_val/f_r_1943_.jpg,data/suim_processed/masks/train_val/f_r_1943_.png,640,480,640,480,0,0|5|6,bit_threshold,0,307200,0,0.0,False,none,scene:f_r_1943_
train_val,f_r_1946_,data/suim_processed/images/train_val/f_r_1946_.jpg,data/suim_processed/masks/train_val/f_r_1946_.png,640,480,640,480,0,2|5|6,bit_threshold,0,307200,0,0.0,False,none,scene:f_r_1946_
train_val,f_r_1957_,data/suim_processed/images/train_val/f_r_1957_.jpg,data/suim_processed/masks/train_val/f_r_1957_.png,640,480,640,480,0,0|5|6,bit_threshold,0,307200,0,0.0,False,none,scene:f_r_1957_
train_val,f_r_1968_,data/suim_processed/images/train_val/f_r_1968_.jpg,data/suim_processed/masks/train_val/f_r_1968_.png,640,480,640,480,0,0|5|6|7,bit_threshold,0,307200,0,0.0,False,none,scene:f_r_1968_
train_val,f_r_1971_,data/suim_processed/images/train_val/f_r_1971_.jpg,data/suim_processed/masks/train_val/f_r_1971_.png,640,480,640,480,0,0|5|6|7,bit_threshold,0,307200,0,0.0,False,none,scene:f_r_1971_
train_val,f_r_1985_,data/suim_processed/images/train_val/f_r_1985_.jpg,data/suim_processed/masks/train_val/f_r_1985_.png,640,480,640,480,0,0|5|6,bit_threshold,0,307200,0,0.0,False,none,scene:f_r_1985_
train_val,f_r_1999_,data/suim_processed/images/train_val/f_r_1999_.jpg,data/suim_processed/masks/train_val/f_r_1999_.png,640,480,640,480,0,0|6|7,bit_threshold,0,307200,0,0.0,False,none,scene:f_r_1999_
train_val,f_r_2041_,data/suim_processed/images/train_val/f_r_2041_.jpg,data/suim_processed/masks/train_val/f_r_2041_.png,640,480,640,480,0,5|6,bit_threshold,0,307200,0,0.0,False,none,scene:f_r_2041_
train_val,f_r_2048_,data/suim_processed/images/train_val/f_r_2048_.jpg,data/suim_processed/masks/train_val/f_r_2048_.png,640,480,640,480,0,0|5|6,bit_threshold,0,307200,0,0.0,False,none,scene:f_r_2048_
train_val,f_r_204_,data/suim_processed/images/train_val/f_r_204_.jpg,data/suim_processed/masks/train_val/f_r_204_.png,640,480,640,480,0,0|1|6|7,bit_threshold,0,307200,0,0.0,False,none,scene:f_r_204_
train_val,f_r_2079_,data/suim_processed/images/train_val/f_r_2079_.jpg,data/suim_processed/masks/train_val/f_r_2079_.png,640,480,640,480,0,0|5|6,bit_threshold,0,307200,0,0.0,False,none,scene:f_r_2079_
train_val,f_r_2084_,data/suim_processed/images/train_val/f_r_2084_.jpg,data/suim_processed/masks/train_val/f_r_2084_.png,640,480,640,480,0,0|6|7,bit_threshold,0,307200,0,0.0,False,none,scene:f_r_2084_
train_val,f_r_222_,data/suim_processed/images/train_val/f_r_222_.jpg,data/suim_processed/masks/train_val/f_r_222_.png,640,480,640,480,0,0|5|6,bit_threshold,0,307200,0,0.0,False,none,scene:f_r_222_
train_val,f_r_295_,data/suim_processed/images/train_val/f_r_295_.jpg,data/suim_processed/masks/train_val/f_r_295_.png,640,480,640,480,0,0|5|6,bit_threshold,0,307200,0,0.0,False,none,scene:f_r_295_
train_val,f_r_312_,data/suim_processed/images/train_val/f_r_312_.jpg,data/suim_processed/masks/train_val/f_r_312_.png,640,480,640,480,0,5|6,bit_threshold,0,307200,0,0.0,False,none,scene:f_r_312_
train_val,f_r_328_,data/suim_processed/images/train_val/f_r_328_.jpg,data/suim_processed/masks/train_val/f_r_328_.png,640,480,640,480,0,0|5|6|7,bit_threshold,0,307200,0,0.0,False,none,scene:f_r_328_
train_val,f_r_358_,data/suim_processed/images/train_val/f_r_358_.jpg,data/suim_processed/masks/train_val/f_r_358_.png,640,480,640,480,0,0|5|6,bit_threshold,0,307200,0,0.0,False,none,scene:f_r_358_
train_val,f_r_370_,data/suim_processed/images/train_val/f_r_370_.jpg,data/suim_processed/masks/train_val/f_r_370_.png,640,480,640,480,0,0|5|6,bit_threshold,0,307200,0,0.0,False,none,scene:f_r_370_
train_val,f_r_371_,data/suim_processed/images/train_val/f_r_371_.jpg,data/suim_processed/masks/train_val/f_r_371_.png,640,480,640,480,0,0|5|6,bit_threshold,0,307200,0,0.0,False,none,scene:f_r_371_
train_val,f_r_372_,data/suim_processed/images/train_val/f_r_372_.jpg,data/suim_processed/masks/train_val/f_r_372_.png,640,480,640,480,0,0|5,bit_threshold,0,307200,0,0.0,False,none,scene:f_r_372_
train_val,f_r_375_,data/suim_processed/images/train_val/f_r_375_.jpg,data/suim_processed/masks/train_val/f_r_375_.png,640,480,640,480,0,6|7,bit_threshold,0,307200,0,0.0,False,none,scene:f_r_375_
train_val,f_r_376_,data/suim_processed/images/train_val/f_r_376_.jpg,data/suim_processed/masks/train_val/f_r_376_.png,640,480,640,480,0,0|5|6,bit_threshold,0,307200,0,0.0,False,none,scene:f_r_376_
train_val,f_r_454_,data/suim_processed/images/train_val/f_r_454_.jpg,data/suim_processed/masks/train_val/f_r_454_.png,960,540,960,540,0,0|2|5|6|7,bit_threshold,0,518400,0,0.0,False,none,scene:f_r_454_
train_val,f_r_470_,data/suim_processed/images/train_val/f_r_470_.jpg,data/suim_processed/masks/train_val/f_r_470_.png,640,480,640,480,0,0|5|6|7,bit_threshold,0,307200,0,0.0,False,none,scene:f_r_470_
train_val,f_r_495_,data/suim_processed/images/train_val/f_r_495_.jpg,data/suim_processed/masks/train_val/f_r_495_.png,640,480,640,480,0,0|1|2|5|6|7,bit_threshold,0,307200,0,0.0,False,none,scene:f_r_495_
train_val,f_r_505_,data/suim_processed/images/train_val/f_r_505_.jpg,data/suim_processed/masks/train_val/f_r_505_.png,960,540,960,540,0,0|5|6|7,bit_threshold,0,518400,0,0.0,False,none,scene:f_r_505_
train_val,f_r_525_,data/suim_processed/images/train_val/f_r_525_.jpg,data/suim_processed/masks/train_val/f_r_525_.png,640,480,640,480,0,0|6,bit_threshold,0,307200,0,0.0,False,none,scene:f_r_525_
train_val,f_r_564_,data/suim_processed/images/train_val/f_r_564_.jpg,data/suim_processed/masks/train_val/f_r_564_.png,640,480,640,480,0,0|5|6|7,bit_threshold,0,307200,0,0.0,False,none,scene:f_r_1971_
train_val,f_r_597_,data/suim_processed/images/train_val/f_r_597_.jpg,data/suim_processed/masks/train_val/f_r_597_.png,640,480,640,480,0,0|5|6,bit_threshold,0,307200,0,0.0,False,none,scene:f_r_597_
train_val,f_r_621_,data/suim_processed/images/train_val/f_r_621_.jpg,data/suim_processed/masks/train_val/f_r_621_.png,640,480,640,480,0,0|6,bit_threshold,0,307200,0,0.0,False,none,scene:f_r_621_
train_val,f_r_622_,data/suim_processed/images/train_val/f_r_622_.jpg,data/suim_processed/masks/train_val/f_r_622_.png,640,480,640,480,0,0|2|6,bit_threshold,0,307200,0,0.0,False,none,scene:f_r_622_
train_val,f_r_627_,data/suim_processed/images/train_val/f_r_627_.jpg,data/suim_processed/masks/train_val/f_r_627_.png,640,480,640,480,0,0|2|5|7,bit_threshold,0,307200,0,0.0,False,none,scene:f_r_627_
train_val,f_r_648_,data/suim_processed/images/train_val/f_r_648_.jpg,data/suim_processed/masks/train_val/f_r_648_.png,640,480,640,480,0,0|2|5|6,bit_threshold,0,307200,0,0.0,False,none,scene:f_r_648_
train_val,f_r_650_,data/suim_processed/images/train_val/f_r_650_.jpg,data/suim_processed/masks/train_val/f_r_650_.png,640,480,640,480,0,0|5|6,bit_threshold,0,307200,0,0.0,False,none,scene:f_r_650_
train_val,f_r_655_,data/suim_processed/images/train_val/f_r_655_.jpg,data/suim_processed/masks/train_val/f_r_655_.png,640,480,640,480,0,0|5|6,bit_threshold,0,307200,0,0.0,False,none,scene:f_r_655_
train_val,f_r_658_,data/suim_processed/images/train_val/f_r_658_.jpg,data/suim_processed/masks/train_val/f_r_658_.png,640,480,640,480,0,0|5,bit_threshold,0,307200,0,0.0,False,none,scene:f_r_658_
train_val,f_r_70_,data/suim_processed/images/train_val/f_r_70_.jpg,data/suim_processed/masks/train_val/f_r_70_.png,640,480,640,480,0,0|1|5|6,bit_threshold,0,307200,0,0.0,False,none,scene:f_r_70_
train_val,f_r_725_,data/suim_processed/images/train_val/f_r_725_.jpg,data/suim_processed/masks/train_val/f_r_725_.png,640,480,640,480,0,0|5|6,bit_threshold,0,307200,0,0.0,False,none,scene:f_r_725_
train_val,f_r_773_,data/suim_processed/images/train_val/f_r_773_.jpg,data/suim_processed/masks/train_val/f_r_773_.png,640,480,640,480,0,5|6,bit_threshold,0,307200,0,0.0,False,none,scene:f_r_773_
train_val,f_r_795_,data/suim_processed/images/train_val/f_r_795_.jpg,data/suim_processed/masks/train_val/f_r_795_.png,640,480,640,480,0,0|5|6|7,bit_threshold,0,307200,0,0.0,False,none,scene:f_r_795_
train_val,f_r_797_,data/suim_processed/images/train_val/f_r_797_.jpg,data/suim_processed/masks/train_val/f_r_797_.png,640,480,640,480,0,0|3,bit_threshold,68853,307200,68853,0.224130859375,False,none,scene:f_r_797_
train_val,f_r_826_,data/suim_processed/images/train_val/f_r_826_.jpg,data/suim_processed/masks/train_val/f_r_826_.png,640,480,640,480,0,0|2,bit_threshold,0,307200,0,0.0,False,none,scene:f_r_826_
train_val,f_r_870_,data/suim_processed/images/train_val/f_r_870_.jpg,data/suim_processed/masks/train_val/f_r_870_.png,640,480,640,480,0,0|5|7,bit_threshold,0,307200,0,0.0,False,none,scene:f_r_870_
train_val,f_r_886_,data/suim_processed/images/train_val/f_r_886_.jpg,data/suim_processed/masks/train_val/f_r_886_.png,640,480,640,480,0,0|6,bit_threshold,0,307200,0,0.0,False,none,scene:f_r_886_
train_val,f_r_909_,data/suim_processed/images/train_val/f_r_909_.jpg,data/suim_processed/masks/train_val/f_r_909_.png,640,480,640,480,0,2|5|6,bit_threshold,0,307200,0,0.0,False,none,scene:f_r_909_
train_val,f_r_915_,data/suim_processed/images/train_val/f_r_915_.jpg,data/suim_processed/masks/train_val/f_r_915_.png,640,480,640,480,0,0|5|6,bit_threshold,0,307200,0,0.0,False,none,scene:f_r_915_
train_val,f_r_931_,data/suim_processed/images/train_val/f_r_931_.jpg,data/suim_processed/masks/train_val/f_r_931_.png,640,480,640,480,0,0|5|6,bit_threshold,0,307200,0,0.0,False,none,scene:f_r_931_
train_val,f_r_949_,data/suim_processed/images/train_val/f_r_949_.jpg,data/suim_processed/masks/train_val/f_r_949_.png,640,480,640,480,0,0|6,bit_threshold,0,307200,0,0.0,False,none,scene:f_r_949_
train_val,f_r_974_,data/suim_processed/images/train_val/f_r_974_.jpg,data/suim_processed/masks/train_val/f_r_974_.png,640,480,640,480,0,0|6,bit_threshold,0,307200,0,0.0,False,none,scene:f_r_974_
train_val,f_r_97_,data/suim_processed/images/train_val/f_r_97_.jpg,data/suim_processed/masks/train_val/f_r_97_.png,640,480,640,480,0,0|5|6,bit_threshold,0,307200,0,0.0,False,none,scene:f_r_97_
train_val,f_r_980_,data/suim_processed/images/train_val/f_r_980_.jpg,data/suim_processed/masks/train_val/f_r_980_.png,640,480,640,480,0,0|2|5|6,bit_threshold,0,307200,0,0.0,False,none,scene:f_r_980_
train_val,f_r_989_,data/suim_processed/images/train_val/f_r_989_.jpg,data/suim_processed/masks/train_val/f_r_989_.png,640,480,640,480,0,0|5|6|7,bit_threshold,0,307200,0,0.0,False,none,scene:f_r_989_
train_val,n_l_101_,data/suim_processed/images/train_val/n_l_101_.jpg,data/suim_processed/masks/train_val/n_l_101_.png,640,480,640,480,0,5|7,bit_threshold,0,307200,0,0.0,False,none,scene:n_l_101_
train_val,n_l_16_,data/suim_processed/images/train_val/n_l_16_.jpg,data/suim_processed/masks/train_val/n_l_16_.png,960,540,960,540,0,0|1|4|7,bit_threshold,0,518400,0,0.0,False,none,scene:n_l_16_
train_val,n_l_39_,data/suim_processed/images/train_val/n_l_39_.jpg,data/suim_processed/masks/train_val/n_l_39_.png,960,540,960,540,0,0|2|5|6|7,bit_threshold,0,518400,0,0.0,False,none,scene:n_l_39_
train_val,n_l_40_,data/suim_processed/images/train_val/n_l_40_.jpg,data/suim_processed/masks/train_val/n_l_40_.png,640,480,640,480,0,2|6|7,bit_threshold,0,307200,0,0.0,False,none,scene:n_l_40_
train_val,n_l_42_,data/suim_processed/images/train_val/n_l_42_.jpg,data/suim_processed/masks/train_val/n_l_42_.png,640,480,640,480,0,0|1|5|7,bit_threshold,0,307200,0,0.0,False,none,scene:d_r_87_
train_val,n_l_64_,data/suim_processed/images/train_val/n_l_64_.jpg,data/suim_processed/masks/train_val/n_l_64_.png,960,540,960,540,0,0|1,bit_threshold,0,518400,0,0.0,False,none,scene:n_l_64_
train_val,n_l_6_,data/suim_processed/images/train_val/n_l_6_.jpg,data/suim_processed/masks/train_val/n_l_6_.png,640,480,640,480,0,0|5|7,bit_threshold,0,307200,0,0.0,False,none,scene:f_r_870_
train_val,n_l_75_,data/suim_processed/images/train_val/n_l_75_.jpg,data/suim_processed/masks/train_val/n_l_75_.png,640,480,640,480,0,0|5|6,bit_threshold,0,307200,0,0.0,False,none,scene:f_r_725_
train_val,n_l_81_,data/suim_processed/images/train_val/n_l_81_.jpg,data/suim_processed/masks/train_val/n_l_81_.png,960,540,960,540,0,0|1,bit_threshold,0,518400,0,0.0,False,none,scene:n_l_81_
train_val,n_l_90_,data/suim_processed/images/train_val/n_l_90_.jpg,data/suim_processed/masks/train_val/n_l_90_.png,640,480,640,480,0,0|1|5|6|7,bit_threshold,0,307200,0,0.0,False,none,scene:f_r_495_
train_val,w_r_120_,data/suim_processed/images/train_val/w_r_120_.jpg,data/suim_processed/masks/train_val/w_r_120_.png,640,480,640,480,0,0|1|3,bit_threshold,0,307200,0,0.0,False,none,scene:w_r_120_
train_val,w_r_129_,data/suim_processed/images/train_val/w_r_129_.jpg,data/suim_processed/masks/train_val/w_r_129_.png,640,480,640,480,0,0|3|7,bit_threshold,0,307200,0,0.0,False,none,scene:w_r_129_
train_val,w_r_135_,data/suim_processed/images/train_val/w_r_135_.jpg,data/suim_processed/masks/train_val/w_r_135_.png,640,480,640,480,0,0|3,bit_threshold,0,307200,0,0.0,False,none,scene:w_r_135_
train_val,w_r_136_,data/suim_processed/images/train_val/w_r_136_.jpg,data/suim_processed/masks/train_val/w_r_136_.png,640,480,640,480,0,0|1|3,bit_threshold,96746,307200,96746,0.3149283854166667,False,none,scene:w_r_136_
train_val,w_r_148_,data/suim_processed/images/train_val/w_r_148_.jpg,data/suim_processed/masks/train_val/w_r_148_.png,640,480,640,480,0,0|3,bit_threshold,0,307200,0,0.0,False,none,scene:w_r_148_
train_val,w_r_151_,data/suim_processed/images/train_val/w_r_151_.jpg,data/suim_processed/masks/train_val/w_r_151_.png,640,480,640,480,0,0|1|3|5|7,bit_threshold,0,307200,0,0.0,False,none,scene:w_r_151_
train_val,w_r_153_,data/suim_processed/images/train_val/w_r_153_.jpg,data/suim_processed/masks/train_val/w_r_153_.png,640,480,640,480,0,1|3|7,bit_threshold,0,307200,0,0.0,False,none,scene:w_r_153_
train_val,w_r_160_,data/suim_processed/images/train_val/w_r_160_.jpg,data/suim_processed/masks/train_val/w_r_160_.png,640,480,640,480,0,0|1|5|7,bit_threshold,0,307200,0,0.0,False,none,scene:w_r_160_
train_val,w_r_165_,data/suim_processed/images/train_val/w_r_165_.jpg,data/suim_processed/masks/train_val/w_r_165_.png,640,480,640,480,0,0|3|7,bit_threshold,0,307200,0,0.0,False,none,scene:w_r_165_
train_val,w_r_167_,data/suim_processed/images/train_val/w_r_167_.jpg,data/suim_processed/masks/train_val/w_r_167_.png,640,480,640,480,0,0|1|3|5|7,bit_threshold,0,307200,0,0.0,False,none,scene:w_r_167_
train_val,w_r_168_,data/suim_processed/images/train_val/w_r_168_.jpg,data/suim_processed/masks/train_val/w_r_168_.png,640,480,640,480,0,0|1|3,bit_threshold,0,307200,0,0.0,False,none,scene:w_r_168_
train_val,w_r_170_,data/suim_processed/images/train_val/w_r_170_.jpg,data/suim_processed/masks/train_val/w_r_170_.png,640,480,640,480,0,0|3|5|7,bit_threshold,0,307200,0,0.0,False,none,scene:w_r_170_
train_val,w_r_173_,data/suim_processed/images/train_val/w_r_173_.jpg,data/suim_processed/masks/train_val/w_r_173_.png,640,480,640,480,0,0|1|3|7,bit_threshold,0,307200,0,0.0,False,none,scene:w_r_173_
train_val,w_r_180_,data/suim_processed/images/train_val/w_r_180_.jpg,data/suim_processed/masks/train_val/w_r_180_.png,640,480,640,480,0,0|3,bit_threshold,0,307200,0,0.0,False,none,scene:w_r_180_
train_val,w_r_185_,data/suim_processed/images/train_val/w_r_185_.jpg,data/suim_processed/masks/train_val/w_r_185_.png,640,480,640,480,0,0|1|3|6,bit_threshold,0,307200,0,0.0,False,none,scene:w_r_185_
train_val,w_r_186_,data/suim_processed/images/train_val/w_r_186_.jpg,data/suim_processed/masks/train_val/w_r_186_.png,640,480,640,480,0,0|1|3|5,bit_threshold,0,307200,0,0.0,False,none,scene:w_r_186_
train_val,w_r_187_,data/suim_processed/images/train_val/w_r_187_.jpg,data/suim_processed/masks/train_val/w_r_187_.png,640,480,640,480,0,0|3|7,bit_threshold,0,307200,0,0.0,False,none,scene:w_r_187_
train_val,w_r_188_,data/suim_processed/images/train_val/w_r_188_.jpg,data/suim_processed/masks/train_val/w_r_188_.png,640,480,640,480,0,0|1|3|7,bit_threshold,0,307200,0,0.0,False,none,scene:w_r_188_
train_val,w_r_190_,data/suim_processed/images/train_val/w_r_190_.jpg,data/suim_processed/masks/train_val/w_r_190_.png,640,480,640,480,0,0|1|3,bit_threshold,0,307200,0,0.0,False,none,scene:w_r_190_
train_val,w_r_195_,data/suim_processed/images/train_val/w_r_195_.jpg,data/suim_processed/masks/train_val/w_r_195_.png,640,480,640,480,0,0|3|7,bit_threshold,0,307200,0,0.0,False,none,scene:w_r_195_
train_val,w_r_209_,data/suim_processed/images/train_val/w_r_209_.jpg,data/suim_processed/masks/train_val/w_r_209_.png,640,480,640,480,0,0|3,bit_threshold,0,307200,0,0.0,False,none,scene:w_r_209_
train_val,w_r_213_,data/suim_processed/images/train_val/w_r_213_.jpg,data/suim_processed/masks/train_val/w_r_213_.png,640,480,640,480,0,0|3|7,bit_threshold,0,307200,0,0.0,False,none,scene:w_r_213_
train_val,w_r_223_,data/suim_processed/images/train_val/w_r_223_.jpg,data/suim_processed/masks/train_val/w_r_223_.png,640,480,640,480,0,0|1|3,bit_threshold,0,307200,0,0.0,False,none,scene:w_r_223_
train_val,w_r_234_,data/suim_processed/images/train_val/w_r_234_.jpg,data/suim_processed/masks/train_val/w_r_234_.png,640,480,640,480,0,3|7,bit_threshold,0,307200,0,0.0,False,none,scene:w_r_234_
train_val,w_r_23_,data/suim_processed/images/train_val/w_r_23_.jpg,data/suim_processed/masks/train_val/w_r_23_.png,640,480,640,480,0,0|3|5,bit_threshold,0,307200,0,0.0,False,none,scene:w_r_23_
train_val,w_r_243_,data/suim_processed/images/train_val/w_r_243_.jpg,data/suim_processed/masks/train_val/w_r_243_.png,640,480,640,480,0,0|1|3|7,bit_threshold,0,307200,0,0.0,False,none,scene:w_r_243_
train_val,w_r_254_,data/suim_processed/images/train_val/w_r_254_.jpg,data/suim_processed/masks/train_val/w_r_254_.png,640,480,640,480,0,0|1|3|7,bit_threshold,0,307200,0,0.0,False,none,scene:w_r_254_
train_val,w_r_257_,data/suim_processed/images/train_val/w_r_257_.jpg,data/suim_processed/masks/train_val/w_r_257_.png,640,480,640,480,0,0|3|7,bit_threshold,0,307200,0,0.0,False,none,scene:w_r_257_
train_val,w_r_265_,data/suim_processed/images/train_val/w_r_265_.jpg,data/suim_processed/masks/train_val/w_r_265_.png,640,480,640,480,0,0|1|2|3|5|7,bit_threshold,0,307200,0,0.0,False,none,scene:w_r_265_
train_val,w_r_266_,data/suim_processed/images/train_val/w_r_266_.jpg,data/suim_processed/masks/train_val/w_r_266_.png,640,480,640,480,0,0|1|3|6|7,bit_threshold,0,307200,0,0.0,False,none,scene:w_r_266_
train_val,w_r_276_,data/suim_processed/images/train_val/w_r_276_.jpg,data/suim_processed/masks/train_val/w_r_276_.png,640,480,640,480,0,0|2|3|6|7,bit_threshold,0,307200,0,0.0,False,none,scene:w_r_276_
train_val,w_r_281_,data/suim_processed/images/train_val/w_r_281_.jpg,data/suim_processed/masks/train_val/w_r_281_.png,640,480,640,480,0,0|1|3|6|7,bit_threshold,0,307200,0,0.0,False,none,scene:w_r_281_
train_val,w_r_289_,data/suim_processed/images/train_val/w_r_289_.jpg,data/suim_processed/masks/train_val/w_r_289_.png,640,480,640,480,0,0|3,bit_threshold,0,307200,0,0.0,False,none,scene:w_r_289_
train_val,w_r_291_,data/suim_processed/images/train_val/w_r_291_.jpg,data/suim_processed/masks/train_val/w_r_291_.png,640,480,640,480,0,0|1|3|7,bit_threshold,0,307200,0,0.0,False,none,scene:w_r_291_
train_val,w_r_295_,data/suim_processed/images/train_val/w_r_295_.jpg,data/suim_processed/masks/train_val/w_r_295_.png,640,480,640,480,0,0|1|3,bit_threshold,0,307200,0,0.0,False,none,scene:w_r_295_
train_val,w_r_299_,data/suim_processed/images/train_val/w_r_299_.jpg,data/suim_processed/masks/train_val/w_r_299_.png,640,480,640,480,0,0|3|5|6|7,bit_threshold,0,307200,0,0.0,False,none,scene:w_r_299_
train_val,w_r_36_,data/suim_processed/images/train_val/w_r_36_.jpg,data/suim_processed/masks/train_val/w_r_36_.png,640,480,640,480,0,0|1|3,bit_threshold,0,307200,0,0.0,False,none,scene:w_r_36_
train_val,w_r_48_,data/suim_processed/images/train_val/w_r_48_.jpg,data/suim_processed/masks/train_val/w_r_48_.png,640,480,640,480,0,0|3|7,bit_threshold,0,307200,0,0.0,False,none,scene:w_r_48_
train_val,w_r_60_,data/suim_processed/images/train_val/w_r_60_.jpg,data/suim_processed/masks/train_val/w_r_60_.png,640,480,640,480,0,0|3|7,bit_threshold,0,307200,0,0.0,False,none,scene:w_r_60_
train_val,w_r_64_,data/suim_processed/images/train_val/w_r_64_.jpg,data/suim_processed/masks/train_val/w_r_64_.png,640,480,640,480,0,0|1|2|3|7,bit_threshold,0,307200,0,0.0,False,none,scene:w_r_64_
train_val,w_r_71_,data/suim_processed/images/train_val/w_r_71_.jpg,data/suim_processed/masks/train_val/w_r_71_.png,640,480,640,480,0,0|3|5|6,bit_threshold,0,307200,0,0.0,False,none,scene:w_r_71_
train_val,w_r_75_,data/suim_processed/images/train_val/w_r_75_.jpg,data/suim_processed/masks/train_val/w_r_75_.png,640,480,640,480,0,0|1|3,bit_threshold,0,307200,0,0.0,False,none,scene:w_r_75_
train_val,w_r_76_,data/suim_processed/images/train_val/w_r_76_.jpg,data/suim_processed/masks/train_val/w_r_76_.png,640,480,640,480,0,0|1|2|3|7,bit_threshold,0,307200,0,0.0,False,none,scene:w_r_76_
train_val,w_r_83_,data/suim_processed/images/train_val/w_r_83_.jpg,data/suim_processed/masks/train_val/w_r_83_.png,640,480,640,480,0,0|1|3,bit_threshold,0,307200,0,0.0,False,none,scene:w_r_83_
train_val,w_r_87_,data/suim_processed/images/train_val/w_r_87_.jpg,data/suim_processed/masks/train_val/w_r_87_.png,640,480,640,480,0,0|1|3|7,bit_threshold,0,307200,0,0.0,False,none,scene:w_r_87_
train_val,w_r_95_,data/suim_processed/images/train_val/w_r_95_.jpg,data/suim_processed/masks/train_val/w_r_95_.png,640,480,640,480,0,0|1|3,bit_threshold,0,307200,0,0.0,False,none,scene:w_r_95_
train_val,w_r_96_,data/suim_processed/images/train_val/w_r_96_.jpg,data/suim_processed/masks/train_val/w_r_96_.png,640,480,640,480,0,0|1|3|7,bit_threshold,0,307200,0,0.0,False,none,scene:w_r_96_
train_val,w_r_98_,data/suim_processed/images/train_val/w_r_98_.jpg,data/suim_processed/masks/train_val/w_r_98_.png,640,480,640,480,0,0|1|3,bit_threshold,0,307200,0,0.0,False,none,scene:w_r_98_
