condition,boundary_radius,method,region,pixels,error_rate,nll,brier_score,ece,error_auroc,aurc,oracle_aurc,eaurc,mean_wrong_confidence
clean,1,raw,boundary,762735,0.4735143922856562,1.704843782520715,0.7137642671193141,0.2592000868703115,0.546455972181827,0.4510284704581541,0.1357574045942097,0.3152710658639444,0.7699465155601501
clean,1,raw,interior,20765841,0.13116964538060366,0.7176754790099159,0.22254575387697398,0.08287210007252888,0.7868289373626565,0.051788450742179554,0.009005675253492407,0.04278277548868715,0.8487501740455627
clean,1,clean_global,boundary,762735,0.4735143922856562,1.1930346185315017,0.6271360943522734,0.09263684711931068,0.5487599600947766,0.4497015357489611,0.1357574045942097,0.3139441311547514,0.591668963432312
clean,1,clean_global,interior,20765841,0.13116964538060366,0.4817515592674527,0.21302122108325036,0.023916842694986434,0.7819735571299282,0.05261450452308782,0.009005675253492407,0.04360882926959542,0.6999672651290894
clean,3,raw,boundary,2127005,0.36855484589834064,1.403962281691275,0.5676619748833307,0.18435452805257907,0.6106879792569204,0.31347491903270897,0.07825160426483717,0.23522331476787178,0.7722120881080627
clean,3,raw,interior,19401571,0.11860359143081764,0.6812460521077134,0.20402176996227522,0.07867782044112717,0.7863219688598582,0.04702714418810063,0.007329232800382758,0.039697911387717874,0.8624558448791504
clean,3,clean_global,boundary,2127005,0.36855484589834064,1.0293886698227084,0.5254881531539506,0.06629276443996472,0.6109431939176981,0.31261991686026924,0.07825160426483717,0.23436831259543206,0.5943592190742493
clean,3,clean_global,interior,19401571,0.11860359143081764,0.44967651334942155,0.1950454212130876,0.02105132017236882,0.7809784021699889,0.04783956208581152,0.007329232800382758,0.04051032928542876,0.7189470529556274
clean,5,raw,boundary,3278017,0.31587084508713653,1.2613776055386534,0.49428979936174067,0.15835507239129826,0.6485970205885376,0.24218307449169535,0.0561695643278644,0.18601351016383094,0.7812402248382568
clean,5,raw,interior,18250559,0.11230253276077735,0.6612762574320327,0.19426650977854978,0.07668288238038692,0.7891700283986897,0.04409515023573562,0.006556207492790756,0.037538942742944864,0.8689691424369812
clean,5,clean_global,boundary,3278017,0.31587084508713653,0.9318887414918074,0.46568681519192856,0.06339939633954651,0.6495059677196002,0.24089797369563998,0.0561695643278644,0.18472840936777557,0.603852391242981
clean,5,clean_global,interior,18250559,0.11230253276077735,0.43062781880064605,0.18494634774996824,0.01729962553789558,0.7835536515018104,0.04489544076277324,0.006556207492790756,0.03833923326998249,0.7294398546218872
color_s1,1,raw,boundary,762735,0.4740125993955961,1.6873792303560542,0.7117402331970843,0.25840789500470307,0.5506076345641422,0.44883840777387435,0.13607725583906655,0.3127611519348078,0.7672881484031677
color_s1,1,raw,interior,20765841,0.1334256580313795,0.6909415938099377,0.22360899112438426,0.08204280020681354,0.7872153691658388,0.051814680530880564,0.009325818838042661,0.0424888616928379,0.84201580286026
color_s1,1,clean_global,boundary,762735,0.4740125993955961,1.186251390196546,0.6251955154343826,0.08844971964698232,0.5530427276579575,0.4472531054806103,0.13607725583906655,0.31117584964154377,0.5892278552055359
color_s1,1,clean_global,interior,20765841,0.1334256580313795,0.4733335776046826,0.21418655452225002,0.025812446436962535,0.7824150708837967,0.05277307047154732,0.009325818838042661,0.04344725163350466,0.6937220096588135
color_s1,3,raw,boundary,2127005,0.3687184562330601,1.3861250849566056,0.565331982353121,0.18269069719644013,0.6146453499788458,0.31070738253257435,0.07832684436376282,0.23238053816881155,0.7686645984649658
color_s1,3,raw,interior,19401571,0.1210198906057659,0.6539012295866402,0.20533563928276735,0.07794167969087976,0.786971673215757,0.04701825488867127,0.007637600364032639,0.03938065452463863,0.8550096750259399
color_s1,3,clean_global,boundary,2127005,0.3687184562330601,1.0226712914146006,0.5236258891151379,0.06486146150323421,0.6151795201423922,0.309435197189182,0.07832684436376282,0.2311083528254192,0.5913224816322327
color_s1,3,clean_global,interior,19401571,0.1210198906057659,0.44113635078668373,0.19642056406314984,0.023058303071243083,0.7815594613241048,0.047990059830320356,0.007637600364032639,0.04035245946628772,0.7118350267410278
color_s1,5,raw,boundary,3278017,0.3156164229776722,1.242058782699266,0.4915312087164664,0.1559879998194832,0.6521726973945287,0.2392676295638547,0.056073030821122874,0.1831945987427318,0.7771427035331726
color_s1,5,raw,interior,18250559,0.11493598634430868,0.633597917937404,0.1958871688543639,0.07613099330531407,0.7900479485971112,0.044089068158823505,0.006873825851024535,0.03721524230779897,0.8611323833465576
color_s1,5,clean_global,boundary,3278017,0.3156164229776722,0.9249523958339371,0.46379899948133657,0.06307310114072313,0.6533095893712498,0.2376419258150494,0.056073030821122874,0.18156889499392653,0.6003342866897583
color_s1,5,clean_global,interior,18250559,0.11493598634430868,0.42201203368791335,0.1865302562658834,0.019256204131879926,0.7842503468536817,0.04507090333277309,0.006873825851024535,0.038197077481748554,0.7217720746994019
color_s2,1,raw,boundary,762735,0.47538135787658886,1.6882558454320635,0.7130962839526507,0.25997069738745465,0.5524633840751771,0.4491908619118108,0.1369584355602775,0.31223242635153325,0.7668737173080444
color_s2,1,raw,interior,20765841,0.13805975881256147,0.6708885036774456,0.22632376851973213,0.08384320617655024,0.7906933627281029,0.05279385020873456,0.010001869085124406,0.04279198112361016,0.8316497206687927
color_s2,1,clean_global,boundary,762735,0.47538135787658886,1.1879880239010354,0.6256943041401789,0.08734046676893834,0.5548564356588997,0.4475373734217062,0.1369584355602775,0.31057893786142865,0.5880193114280701
color_s2,1,clean_global,interior,20765841,0.13805975881256147,0.4689685345966725,0.21611091543092933,0.02692177580445657,0.785956021900859,0.05400364447880912,0.010001869085124406,0.04400177539368472,0.683813214302063
color_s2,3,raw,boundary,2127005,0.3710296872832927,1.387654987955482,0.5675327732594511,0.18405161339592793,0.6156046282205121,0.3124336316059534,0.07939425442308107,0.23303937718287232,0.7672433853149414
color_s2,3,raw,interior,19401571,0.1257802783083906,0.6323048107644221,0.20805335171053932,0.0797814160700931,0.7910521727700156,0.0479142167382312,0.008264571111436506,0.0396496456267947,0.8428535461425781
color_s2,3,clean_global,boundary,2127005,0.3710296872832927,1.0253977772589862,0.5251875500630582,0.06463829019500993,0.6156918137853453,0.31120609550887396,0.07939425442308107,0.2318118410857929,0.5896475911140442
color_s2,3,clean_global,interior,19401571,0.1257802783083906,0.4362337458233408,0.19832864046003026,0.0243531715355745,0.7858260127043971,0.04914265677500293,0.008264571111436506,0.040878085663566426,0.7000322937965393
color_s2,5,raw,boundary,3278017,0.31791018777510915,1.2416287402304693,0.4932208386793944,0.15670496740477252,0.6531546913201813,0.24096283699258902,0.0569467588572634,0.1840160781353256,0.7748039960861206
color_s2,5,raw,interior,18250559,0.11985397269201453,0.6108950162627553,0.1987292915332758,0.0781171679437459,0.794405341854953,0.044964352422592974,0.00748797802341352,0.03747637439917945,0.8479944467544556
color_s2,5,clean_global,boundary,3278017,0.31791018777510915,0.9276917872051151,0.46553054991497145,0.06329222148409361,0.6535864221686951,0.2395245700692603,0.0569467588572634,0.1825778112119969,0.598003089427948
color_s2,5,clean_global,interior,18250559,0.11985397269201453,0.41662595251705714,0.18842966758579832,0.02053175818508787,0.7888911792852857,0.0462026881244109,0.00748797802341352,0.038714710100997377,0.7088155150413513
color_s3,1,raw,boundary,762735,0.47823818233069154,1.7120774675694213,0.7185291612994683,0.2635263446382353,0.5528001876835666,0.45127576043615775,0.13880911899541723,0.31246664144074054,0.7676118016242981
color_s3,1,raw,interior,20765841,0.14103122527038514,0.6711992657760345,0.2291294360061525,0.08392900144459356,0.7907095165783791,0.05356144219021068,0.010448465721449132,0.04311297646876155,0.8261925578117371
color_s3,1,clean_global,boundary,762735,0.47823818233069154,1.2010796390825451,0.6295755810478697,0.08897831517387202,0.5548369624469465,0.4499195756771243,0.13880911899541723,0.3111104566817071,0.587171196937561
color_s3,1,clean_global,interior,20765841,0.14103122527038514,0.47580392399289295,0.2199294418325027,0.02983502946455672,0.785047478778004,0.055157493017642494,0.010448465721449132,0.04470902729619336,0.6770246028900146
color_s3,3,raw,boundary,2127005,0.376559528538955,1.4121750960784647,0.5754740453713085,0.18820206616008128,0.6144079497415572,0.3175835367111417,0.08198266311838753,0.23560087359275417,0.7666131854057312
color_s3,3,raw,interior,19401571,0.12846676178954786,0.6308857783064642,0.2103992830738423,0.07955779802738952,0.7911288990426343,0.048486761067787376,0.008629829749614033,0.03985693131817335,0.8367649912834167
color_s3,3,clean_global,boundary,2127005,0.376559528538955,1.040110292626839,0.53127064963411,0.0642935638019571,0.6137777476401727,0.3168614510157942,0.08198266311838753,0.23487878789740668,0.5880192518234253
color_s3,3,clean_global,interior,19401571,0.12846676178954786,0.44245149980380455,0.20190137013018816,0.027793988521545902,0.7849515525095342,0.05010393997561021,0.008629829749614033,0.041474110225996175,0.6924762725830078
color_s3,5,raw,boundary,3278017,0.32363987130024036,1.2627732574535535,0.501048505408815,0.15992093613579217,0.6516773905557467,0.24589747426291364,0.059163033935602176,0.18673444032731146,0.7731966376304626
color_s3,5,raw,interior,18250559,0.12232523946252824,0.6084463737992559,0.20074273716531266,0.07778552835253505,0.7942728192374815,0.04544376069519519,0.0078069509912312915,0.0376368097039639,0.8418049812316895
color_s3,5,clean_global,boundary,3278017,0.32363987130024036,0.9422785952318886,0.4721172126390551,0.06279220127863903,0.65112981157169,0.24510051886538708,0.059163033935602176,0.1859374849297849,0.5955043435096741
color_s3,5,clean_global,interior,18250559,0.12232523946252824,0.42233056909380146,0.1917536275768149,0.024228715103106452,0.7878020441644699,0.04707281427391948,0.0078069509912312915,0.03926586328268819,0.7010823488235474
turbidity_s1,1,raw,boundary,762735,0.4729650533933804,1.6890566411499406,0.7113498344977286,0.25752298570975235,0.5491645641342322,0.4488318096809423,0.1354052730020025,0.31342653667893977,0.768012285232544
turbidity_s1,1,raw,interior,20765841,0.1315902881082447,0.7027481092627069,0.22226780436032545,0.08267936723412252,0.7908638113774276,0.05036837672185005,0.009064922573493615,0.041303454148356435,0.8463793992996216
turbidity_s1,1,clean_global,boundary,762735,0.4729650533933804,1.1873499687545068,0.6251260545802072,0.0890599014966588,0.5519265997032164,0.44721772796008563,0.1354052730020025,0.31181245495808313,0.5893934369087219
turbidity_s1,1,clean_global,interior,20765841,0.1315902881082447,0.4764889623902061,0.2126277109740583,0.023623237635308495,0.7854724568544594,0.05137962408444394,0.009064922573493615,0.04231470151095032,0.6966986656188965
turbidity_s1,3,raw,boundary,2127005,0.3680071273927424,1.3888222138494033,0.5650668345499306,0.1825711879019768,0.6145913799495024,0.31038611179229514,0.07800003134165288,0.23238608045064224,0.7695905566215515
turbidity_s1,3,raw,interior,19401571,0.11909226319868634,0.6663082431572165,0.20391386325872465,0.07860180076769839,0.7908994385095888,0.04558242095858073,0.007391062028572621,0.03819135893000811,0.8601577877998352
turbidity_s1,3,clean_global,boundary,2127005,0.3680071273927424,1.0240079461422869,0.5235304277151881,0.06430634508269101,0.6152076713046992,0.309235035097727,0.07800003134165288,0.2312350037560741,0.5915261507034302
turbidity_s1,3,clean_global,interior,19401571,0.11909226319868634,0.44441027179738435,0.19475984068265012,0.020651158699997906,0.7849658030808914,0.046584641101960984,0.007391062028572621,0.039193579073388364,0.7155745029449463
turbidity_s1,5,raw,boundary,3278017,0.315088359822417,1.246005813952269,0.49150742695107286,0.1563294314455911,0.6525646703599977,0.23899154095213737,0.05587297354669,0.18311856740544738,0.7783573865890503
turbidity_s1,5,raw,interior,18250559,0.1128987336771438,0.6463927933659457,0.19434909045756832,0.07675807961971376,0.7941797136665708,0.042644799729358245,0.00662742975705199,0.03601736997230626,0.8667567372322083
turbidity_s1,5,clean_global,boundary,3278017,0.315088359822417,0.9264952558875533,0.46371780430154114,0.06230927717814013,0.653675938351035,0.2375135865500275,0.05587297354669,0.1816406130033375,0.600749135017395
turbidity_s1,5,clean_global,interior,18250559,0.1128987336771438,0.42537109411278856,0.18476825533467223,0.01676024364027153,0.7879350899507248,0.04363967436919999,0.00662742975705199,0.037012244612148006,0.7260090112686157
turbidity_s2,1,raw,boundary,762735,0.47442165365428357,1.6863505246026635,0.7123310398419217,0.2588440510709593,0.552823367446957,0.44827769581168586,0.13634022330876866,0.3119374725029172,0.7667774558067322
turbidity_s2,1,raw,interior,20765841,0.13615384033808214,0.6911913116789371,0.22669005774013679,0.08512702625943455,0.7978212091596838,0.049857035003741855,0.009720813669831574,0.04013622133391028,0.8394029140472412
turbidity_s2,1,clean_global,boundary,762735,0.47442165365428357,1.1866115686374528,0.6251274162251019,0.08528678270527829,0.5561161753279306,0.44616529189986526,0.13634022330876866,0.3098250685910966,0.5877978801727295
turbidity_s2,1,clean_global,interior,20765841,0.13615384033808214,0.475106852236926,0.21577591223761416,0.021458816481402188,0.7925059460958093,0.0511795100064323,0.009720813669831574,0.04145869633660072,0.6881546974182129
turbidity_s2,3,raw,boundary,2127005,0.37007388323017576,1.3890577269300026,0.5672226224216239,0.1836923638193741,0.6172631740362587,0.3104490434492331,0.07895180145885725,0.23149724199037583,0.7678109407424927
turbidity_s2,3,raw,interior,19401571,0.12380739683399865,0.6538065718001328,0.20844931221597338,0.08115032881227446,0.7992488888304815,0.044914068669837284,0.008001593867117525,0.03691247480271976,0.851922869682312
turbidity_s2,3,clean_global,boundary,2127005,0.37007388323017576,1.0252041887757082,0.5246841380985235,0.061536147763669,0.6187049956918833,0.3086976883713521,0.07895180145885725,0.22974588691249484,0.5894126296043396
turbidity_s2,3,clean_global,interior,19401571,0.12380739683399865,0.44277079659554375,0.19800298766721003,0.018518646684499408,0.7934232383991219,0.04624893802587105,0.008001593867117525,0.03824734415875353,0.7053939700126648
turbidity_s2,5,raw,boundary,3278017,0.3171636998831916,1.2458094323631863,0.4936548868807346,0.15706133319217475,0.6552225505914082,0.23885044279268886,0.05666156544734208,0.18218887734534678,0.7760876417160034
turbidity_s2,5,raw,interior,18250559,0.11777935130644492,0.6331654300073425,0.1990361153972051,0.07946650053141016,0.8033857393587382,0.04189639147437625,0.007225559572021595,0.034670831902354655,0.8578007221221924
turbidity_s2,5,clean_global,boundary,3278017,0.3171636998831916,0.9282656031784994,0.4652298226574557,0.06071729057115503,0.6569501244943166,0.23697172135337938,0.05666156544734208,0.1803101559060373,0.598075270652771
turbidity_s2,5,clean_global,interior,18250559,0.11777935130644492,0.42344966987552274,0.18807881890383124,0.014519441742539541,0.7972567348089715,0.043244824544040134,0.007225559572021595,0.03601926497201854,0.7148290872573853
turbidity_s3,1,raw,boundary,762735,0.47950861046103826,1.758836284114486,0.7268932478340692,0.26922250625780025,0.5477707861717543,0.4567010527199526,0.1396371364265151,0.3170639162934375,0.7736005783081055
turbidity_s3,1,raw,interior,20765841,0.1444902713066136,0.709963956232708,0.24048620373869037,0.08922910470593526,0.789666340696848,0.05530881703054131,0.010981293382582585,0.04432752364795872,0.8363273739814758
turbidity_s3,1,clean_global,boundary,762735,0.47950861046103826,1.2135944276856068,0.6352864602538479,0.09528742582824011,0.5522743021765893,0.4540777337096361,0.1396371364265151,0.314440597283121,0.5946847200393677
turbidity_s3,1,clean_global,interior,20765841,0.1444902713066136,0.4886189848240435,0.2273148695253903,0.02303322098615197,0.7862286459180629,0.05699819362235792,0.010981293382582585,0.04601690023977533,0.6844863295555115
turbidity_s3,3,raw,boundary,2127005,0.3788077602074278,1.4652781489553386,0.5858216359755266,0.19515411264194685,0.6060680301937359,0.32668851968595874,0.08304901569622256,0.2436395039897362,0.7746286988258362
turbidity_s3,3,raw,interior,19401571,0.13197250882415656,0.6683928175238039,0.2217490356414791,0.08469104781850577,0.791899518469328,0.049883459776951376,0.009118934855192891,0.040764524921758485,0.8467826843261719
turbidity_s3,3,clean_global,boundary,2127005,0.3788077602074278,1.0556876900229137,0.538002361025979,0.06387880410211347,0.6089870105797466,0.32433845616765566,0.08304901569622256,0.2412894404714331,0.5968257188796997
turbidity_s3,3,clean_global,interior,19401571,0.13197250882415656,0.4549519300202545,0.20929263622034783,0.02025943236254652,0.787723276677361,0.05166696570932807,0.009118934855192891,0.04254803085413518,0.6992440223693848
turbidity_s3,5,raw,boundary,3278017,0.32648762956384914,1.32023249736426,0.5126058734833057,0.16766270877846998,0.6415558970910002,0.25625917038274937,0.06028259529569848,0.19597657508705088,0.7826998233795166
turbidity_s3,5,raw,interior,18250559,0.12580261240217355,0.6441874072036129,0.2119384132363682,0.08266253405798905,0.7967173531197381,0.04653755351331549,0.00826757362461296,0.03826997988870253,0.8513329029083252
turbidity_s3,5,clean_global,boundary,3278017,0.32648762956384914,0.9598337982421995,0.4795654433095527,0.06243530476861349,0.6444480824573819,0.2541046555167888,0.06028259529569848,0.1938220602210903,0.6055958867073059
turbidity_s3,5,clean_global,interior,18250559,0.12580261240217355,0.434281698320172,0.19905779281541458,0.016626372418981985,0.792023751354215,0.048391436634208654,0.00826757362461296,0.040123863009595695,0.7069549560546875
lowlight_s1,1,raw,boundary,762735,0.4750339239709729,1.6888515826782073,0.712364104062498,0.2570648779359381,0.5515466522340717,0.44883080919613205,0.13673442663956079,0.31209638255657124,0.764655351638794
lowlight_s1,1,raw,interior,20765841,0.13752426400645176,0.7003233762074096,0.2289851041271035,0.0850854645383306,0.7979411558216609,0.051618103079903055,0.009922477285206708,0.04169562579469635,0.8372981548309326
lowlight_s1,1,clean_global,boundary,762735,0.4750339239709729,1.1901259478636093,0.626361844628213,0.08770403562247307,0.5536946634460598,0.44730068449345817,0.13673442663956079,0.31056625785389735,0.5863057374954224
lowlight_s1,1,clean_global,interior,20765841,0.13752426400645176,0.4811195327340703,0.21744432547001105,0.021189353336441043,0.7938741896179006,0.052417708521607265,0.009922477285206708,0.04249523123640056,0.6843885779380798
lowlight_s1,3,raw,boundary,2127005,0.3706681460551339,1.3879925371149808,0.5670123394419324,0.1823441355479161,0.6165888426512949,0.31113194169208,0.07922672205004289,0.23190521964203714,0.7656494975090027
lowlight_s1,3,raw,interior,19401571,0.12523310612321034,0.66379587623423,0.21093009412823452,0.08118422327267855,0.7995938047512212,0.0467408172508828,0.008191189492113199,0.0385496277587696,0.8497146964073181
lowlight_s1,3,clean_global,boundary,2127005,0.3706681460551339,1.0271782930620168,0.5255887386254381,0.06382336103669368,0.6171505019293131,0.30967468202093207,0.07922672205004289,0.23044795997088918,0.5877953767776489
lowlight_s1,3,clean_global,interior,19401571,0.12523310612321034,0.44912801979089734,0.19973807277723155,0.018153048895257207,0.7951289812643039,0.047540964048110895,0.008191189492113199,0.039349774555997696,0.701105535030365
lowlight_s1,5,raw,boundary,3278017,0.3184501483671378,1.244995707389559,0.49401390818223717,0.15652810179818724,0.655085383363229,0.24006200060542626,0.05715355828785355,0.18290844231757272,0.7736687660217285
lowlight_s1,5,raw,interior,18250559,0.11913317285240414,0.6438067409418117,0.2015843645058009,0.07944109442808239,0.8034949121093182,0.0437845429879342,0.00739625042013921,0.036388292567794994,0.8557420969009399
lowlight_s1,5,clean_global,boundary,3278017,0.3184501483671378,0.9303232198240964,0.4663234579491961,0.062230811613380656,0.6565060966748598,0.23809252842792894,0.05715355828785355,0.1809389701400754,0.5961649417877197
lowlight_s1,5,clean_global,interior,18250559,0.11913317285240414,0.43006831646053967,0.1898323318137817,0.014172391589701367,0.7987822336348454,0.0445910041168346,0.00739625042013921,0.03719475369669539,0.7104009985923767
lowlight_s2,1,raw,boundary,762735,0.48368043947111383,1.7318487498934754,0.7255638042087029,0.26509160896116923,0.5531908752029575,0.4553765497087756,0.14237802921662143,0.31299852049215415,0.7638481855392456
lowlight_s2,1,raw,interior,20765841,0.15312141704253635,0.7298173557222531,0.2515094070797265,0.09469752611913337,0.7982112972368332,0.058645168896878506,0.01237193763190207,0.046273231264976435,0.8294051885604858
lowlight_s2,1,clean_global,boundary,762735,0.48368043947111383,1.213124220399082,0.6353810795299973,0.08864189677690008,0.5565330847548775,0.45356536453578,0.14237802921662143,0.31118733531915854,0.583676278591156
lowlight_s2,1,clean_global,interior,20765841,0.15312141704253635,0.5063592374641845,0.23522206436432072,0.019338848021277392,0.7943711144562726,0.05995865586897543,0.01237193763190207,0.04758671823707336,0.6718905568122864
lowlight_s2,3,raw,boundary,2127005,0.38339778232773314,1.4362973277713262,0.5860434971852293,0.19159342597514772,0.6139626799755984,0.3238690689093778,0.08525139248968269,0.23861767641969509,0.7640016674995422
lowlight_s2,3,raw,interior,19401571,0.140871375828277,0.6917584784435755,0.23347077156672325,0.09077349205267744,0.801097886810509,0.05337248217655318,0.010424179848962349,0.04294830232759083,0.8400709629058838
lowlight_s2,3,clean_global,boundary,2127005,0.38339778232773314,1.0554085274100202,0.5393567044866197,0.06064995339692611,0.6154745697212934,0.32253704039375386,0.08525139248968269,0.23728564790407117,0.5843393206596375
lowlight_s2,3,clean_global,interior,19401571,0.140871375828277,0.4739517553919989,0.21761108882545516,0.016785989742369674,0.7968599978949316,0.054711543534899564,0.010424179848962349,0.04428736368593721,0.6861061453819275
lowlight_s2,5,raw,boundary,3278017,0.33158217300276355,1.29104908475345,0.5139497419357305,0.16464751076700607,0.6510053703898391,0.2536911546758326,0.06231552475922032,0.19137562991661228,0.7712682485580444
lowlight_s2,5,raw,interior,18250559,0.13488260825325954,0.6708907865143164,0.22418388209326562,0.08925486009039835,0.8055685272858599,0.05022687859088472,0.009535690313256477,0.04069118827762824,0.8452503085136414
lowlight_s2,5,clean_global,boundary,3278017,0.33158217300276355,0.9603724080985928,0.4818092005014007,0.060123219249532296,0.6526697598140878,0.25236059165145375,0.06231552475922032,0.19004506689223344,0.5917145609855652
lowlight_s2,5,clean_global,interior,18250559,0.13488260825325954,0.45435050184627224,0.20765569865986708,0.013744259774952755,0.8011439775258842,0.05157209366915402,0.009535690313256477,0.04203640335589755,0.6940712332725525
lowlight_s3,1,raw,boundary,762735,0.5226520351104905,2.116544990539801,0.803342969451628,0.3149522962663622,0.5551009516426588,0.4911379213658938,0.16964864785785003,0.3214892735080438,0.774973452091217
lowlight_s3,1,raw,interior,20765841,0.21795683594033105,1.153598277206483,0.3650760535655647,0.14763657736131558,0.7391729431193347,0.11387908854990873,0.02569516606812982,0.08818392248177892,0.8446297645568848
lowlight_s3,1,clean_global,boundary,762735,0.5226520351104905,1.3848660730381457,0.6922669379278394,0.13048114177821957,0.5593147688843776,0.4887805756153867,0.16964864785785003,0.3191319277575366,0.5913017988204956
lowlight_s3,1,clean_global,interior,20765841,0.21795683594033105,0.7196586523241462,0.3332031830693734,0.04003709940200366,0.7342478523264191,0.1172012145310884,0.02569516606812982,0.09150604846295857,0.6938307285308838
lowlight_s3,3,raw,boundary,2127005,0.444047851321459,1.850912785818557,0.6901049337125441,0.2534481737283071,0.5969855187927003,0.39292257598615227,0.11766332665131722,0.27525924933483503,0.7738008499145508
lowlight_s3,3,raw,interior,19401571,0.20514885109046066,1.1150076664539175,0.3466725697915133,0.1426146016036648,0.7394480206759704,0.10686239161241123,0.022650696694939007,0.08421169491747223,0.8544607758522034
lowlight_s3,3,clean_global,boundary,2127005,0.444047851321459,1.247983224578104,0.6146083158890082,0.07016836901870321,0.6000894913184291,0.3907191016634088,0.11766332665131722,0.27305577501209155,0.5914573669433594
lowlight_s3,3,clean_global,interior,19401571,0.20514885109046066,0.6878894731320985,0.316468472933197,0.039188791518373116,0.7337911545019481,0.11041801191846515,0.022650696694939007,0.08776731522352614,0.7078547477722168
lowlight_s3,5,raw,boundary,3278017,0.3986965290295932,1.7009872609578063,0.6250572739913147,0.22623378779357542,0.6268282061384561,0.3314686879732418,0.09284019420850106,0.23862849376474074,0.7784168124198914
lowlight_s3,5,raw,interior,18250559,0.19822779126929757,1.0955245766376251,0.3366965696434285,0.14051321707351272,0.7414215923615657,0.10251021407564317,0.021091663503278308,0.08141855057236487,0.8608739972114563
lowlight_s3,5,clean_global,boundary,3278017,0.3986965290295932,1.1583611235323443,0.5643010695257034,0.04951691533669253,0.6297167778102195,0.3295478572695298,0.09284019420850106,0.23670766306102872,0.5966535806655884
lowlight_s3,5,clean_global,interior,18250559,0.19822779126929757,0.66866310608623,0.30670139679009284,0.04075678002361882,0.7353278945813471,0.10619733276495266,0.021091663503278308,0.08510566926167436,0.7176387310028076
blur_s1,1,raw,boundary,762735,0.47530531573875595,1.7247145225375213,0.7180857215061178,0.26335172783518324,0.543389827023846,0.45477436351151745,0.1369093875292416,0.31786497598227587,0.7733222246170044
blur_s1,1,raw,interior,20765841,0.1336921052222253,0.716306684933324,0.22659466021852306,0.0861032798373837,0.7877858880770796,0.05311592536649788,0.009364017008269705,0.043751908358228175,0.8510191440582275
blur_s1,1,clean_global,boundary,762735,0.47530531573875595,1.2011052446643493,0.6293137870521053,0.0960923428946806,0.5459809080352767,0.4531539298192504,0.1369093875292416,0.3162445422900088,0.5936986207962036
blur_s1,1,clean_global,interior,20765841,0.1336921052222253,0.47897563103150986,0.21537104596362724,0.019345846385857388,0.7827412193764736,0.053991401420999695,0.009364017008269705,0.04462738441272999,0.7036091089248657
blur_s1,3,raw,boundary,2127005,0.37111384317385243,1.427081358787062,0.5724983886067939,0.18842682734831226,0.6068534508719856,0.31833797730691593,0.07943328071786755,0.2389046965890484,0.7754416465759277
blur_s1,3,raw,interior,19401571,0.1210932867240493,0.6780276279721111,0.20799505887145686,0.08185368502655939,0.7879806511676516,0.04824630334504833,0.007647071014695742,0.040599232330352585,0.8644227385520935
blur_s1,3,clean_global,boundary,2127005,0.37111384317385243,1.038937868053466,0.5284909318465107,0.06571012338726447,0.6070327682056289,0.3173491611922028,0.07943328071786755,0.23791588047433526,0.5968529582023621
blur_s1,3,clean_global,interior,19401571,0.1210932867240493,0.445975788345954,0.19731689420521023,0.016113762694943055,0.7824459717959041,0.04911610072249411,0.007647071014695742,0.041469029707798366,0.7225173711776733
blur_s1,5,raw,boundary,3278017,0.3182585691288361,1.2851389698787408,0.49891932926789273,0.16181673532714458,0.6443681128368124,0.2467138897861464,0.05708013643617933,0.18963375334996707,0.7844613194465637
blur_s1,5,raw,interior,18250559,0.11481862007623986,0.6562814324169297,0.19822251954506914,0.07991224113292514,0.7916325106412112,0.04520597912510478,0.006859503762243436,0.03834647536286134,0.8707133531570435
blur_s1,5,clean_global,boundary,3278017,0.3182585691288361,0.9416985117736577,0.4689377042893806,0.06349068223242489,0.6448574274376355,0.24541685465723698,0.05708013643617933,0.18833671822105763,0.6068320870399475
blur_s1,5,clean_global,interior,18250559,0.11481862007623986,0.42604465652942464,0.18712713524367253,0.01218593214773044,0.7858723573466484,0.04607196425792119,0.006859503762243436,0.03921246049567775,0.7327750325202942
blur_s2,1,raw,boundary,762735,0.4844605269195723,1.8544795345092415,0.7418985662513029,0.28052916084644697,0.5413176297355503,0.46539913935914023,0.14289427955519066,0.3225048598039496,0.7816832661628723
blur_s2,1,raw,interior,20765841,0.13743141922352195,0.7261332740283069,0.23184579032264452,0.08923780138109394,0.7891360326159814,0.0530359801437353,0.009908746058027617,0.04312723408570768,0.8515165448188782
blur_s2,1,clean_global,boundary,762735,0.4844605269195723,1.2512218083811875,0.6468195880306561,0.1084882895800776,0.5457273540561748,0.46284049823431317,0.14289427955519066,0.31994621867912254,0.6030973196029663
blur_s2,1,clean_global,interior,20765841,0.13743141922352195,0.4827161041629617,0.21913259647177305,0.02062640516166911,0.7836237400676733,0.053986852595763316,0.009908746058027617,0.044078106537735695,0.7058216333389282
blur_s2,3,raw,boundary,2127005,0.38652142331588313,1.5554442932962076,0.6030871880204648,0.2082409327274039,0.5952521095292649,0.3411827095951683,0.08676969567198688,0.2544130139231814,0.7835747003555298
blur_s2,3,raw,interior,19401571,0.12376631768633581,0.6795741811118994,0.2111981196510614,0.08371184610610859,0.7904343230003882,0.04744153110032471,0.007996165426009826,0.039445365674314885,0.8640320301055908
blur_s2,3,clean_global,boundary,2127005,0.38652142331588313,1.0913555207505683,0.5499750499657236,0.07192889999505551,0.5981910475451853,0.3385028986479591,0.08676969567198688,0.25173320297597224,0.605735182762146
blur_s2,3,clean_global,interior,19401571,0.12376631768633581,0.44620293248417875,0.1996758382671692,0.017008574358046293,0.7839513410621687,0.048468961012274187,0.007996165426009826,0.04047279558626436,0.7242811918258667
blur_s2,5,raw,boundary,3278017,0.33410107391145316,1.4050594495753834,0.5289564282499145,0.1801709342605583,0.6301936982584745,0.270040296534777,0.06333499551671513,0.2067053010180619,0.7920641899108887
blur_s2,5,raw,interior,18250559,0.11661040081018888,0.651346397950571,0.19979752920042407,0.08090040421365456,0.7948948017296783,0.0438632031657115,0.00707984887161013,0.03678335429410137,0.8699861764907837
blur_s2,5,clean_global,boundary,3278017,0.33410107391145316,0.9922708005279945,0.49050713839533167,0.06536923192562735,0.6333995983508192,0.26695035379233795,0.06333499551671513,0.20361535827562283,0.6152310371398926
blur_s2,5,clean_global,interior,18250559,0.11661040081018888,0.42331174473375033,0.1882645850994893,0.013226531517173193,0.7877986208175328,0.04493998657403364,0.00707984887161013,0.03786013770242351,0.7346043586730957
blur_s3,1,raw,boundary,762735,0.5009420047591889,2.083832320812397,0.7795420088511655,0.30491995639095903,0.543377690618527,0.4789856770671854,0.15408024559348263,0.32490543147370277,0.7887344360351562
blur_s3,1,raw,interior,20765841,0.15698685162811368,0.813274889230949,0.26314549230753526,0.103701045548662,0.7882387398803284,0.05990523904974285,0.013023199927802294,0.046882039121940555,0.8490265011787415
blur_s3,1,clean_global,boundary,762735,0.5009420047591889,1.3479602687511882,0.67759238590965,0.12828546177721842,0.5487268232619691,0.47615819892306405,0.15408024559348263,0.32207795332958145,0.6117264032363892
blur_s3,1,clean_global,interior,20765841,0.15698685162811368,0.5293310350096102,0.24396191570389564,0.021147881265842508,0.7840714267856654,0.061268415105852445,0.013023199927802294,0.04824521517805015,0.6998231410980225
blur_s3,3,raw,boundary,2127005,0.4128546947468389,1.78520327915602,0.6527049840731157,0.2383387912817019,0.585919814394223,0.37107005209911065,0.10020982992518104,0.2708602221739296,0.790353000164032
blur_s3,3,raw,interior,19401571,0.14245784529510522,0.7566713015388676,0.2407389972722763,0.0968511641192226,0.7918451911480374,0.053157805056887455,0.010666529720229322,0.042491275336658134,0.859333336353302
blur_s3,3,clean_global,boundary,2127005,0.4128546947468389,1.1920022120488962,0.5878333922360902,0.08266431637563817,0.5906434361901358,0.3676906796355309,0.10020982992518104,0.2674808497103499,0.6138703227043152
blur_s3,3,clean_global,interior,19401571,0.14245784529510522,0.4888648466276262,0.2233104367150861,0.016747929254316406,0.7863890774597012,0.05472248754419404,0.010666529720229322,0.044055957823964716,0.7149533033370972
blur_s3,5,raw,boundary,3278017,0.3626970207903132,1.6235870846469451,0.5807564061047616,0.21003885698333713,0.6169956327964092,0.30275082859773433,0.07558559066234798,0.22716523793538634,0.7981737852096558
blur_s3,5,raw,interior,18250559,0.1344135815237221,0.7208328432013713,0.22768026231672547,0.09301094373129792,0.797292067701644,0.04880508078500055,0.009467860117753952,0.0393372206672466,0.8642818927764893
blur_s3,5,clean_global,boundary,3278017,0.3626970207903132,1.0907972787930935,0.5299596265178194,0.07253171787838623,0.6222962895447415,0.29872272062981986,0.07558559066234798,0.22313712996747187,0.6222729086875916
blur_s3,5,clean_global,interior,18250559,0.1344135815237221,0.4626975269976662,0.2107158010971746,0.01332053153936798,0.7909148996453049,0.05050294337755904,0.009467860117753952,0.04103508325980509,0.7236869931221008
