method,fit_scope,seed,target_alpha,condition,coverage,selective_risk,risk_excess,worst_condition_risk
global_crc,calibration_cluster_mean,,0.05,clean,0.009999999999999998,0.03893879205767619,-0.011061207942323813,0.03893879205767619
global_crc,calibration_cluster_mean,,0.05,color_s1,0.009999999999999998,0.0407360487836486,-0.009263951216351402,0.0407360487836486
global_crc,calibration_cluster_mean,,0.05,color_s2,0.009999999999999998,0.04351144636411187,-0.006488553635888135,0.04351144636411187
global_crc,calibration_cluster_mean,,0.05,color_s3,0.009999999999999998,0.047838323762245775,-0.0021616762377542273,0.047838323762245775
global_crc,calibration_cluster_mean,,0.05,turbidity_s1,0.009999999999999998,0.04035559663646572,-0.009644403363534282,0.04035559663646572
global_crc,calibration_cluster_mean,,0.05,turbidity_s2,0.009999999999999998,0.04446022235173295,-0.005539777648267054,0.04446022235173295
global_crc,calibration_cluster_mean,,0.05,turbidity_s3,0.009999999999999998,0.04833657628140793,-0.001663423718592072,0.04833657628140793
global_crc,calibration_cluster_mean,,0.05,lowlight_s1,0.009999999999999998,0.039745994673134236,-0.010254005326865767,0.039745994673134236
global_crc,calibration_cluster_mean,,0.05,lowlight_s2,0.009999999999999998,0.03679281945063308,-0.013207180549366926,0.03679281945063308
global_crc,calibration_cluster_mean,,0.05,lowlight_s3,0.009999999999999998,0.05128431740834755,0.0012843174083475503,0.05128431740834755
global_crc,calibration_cluster_mean,,0.05,blur_s1,0.009999999999999998,0.048450612772434745,-0.0015493872275652576,0.048450612772434745
global_crc,calibration_cluster_mean,,0.05,blur_s2,0.009999999999999998,0.06364241499513472,0.013642414995134716,0.06364241499513472
global_crc,calibration_cluster_mean,,0.05,blur_s3,0.009999999999999998,0.07245998128104059,0.022459981281040584,0.07245998128104059
oracle_condition_crc,condition_label_diagnostic_only,,0.05,clean,0.05,0.04003135541809013,-0.009968644581909873,0.04003135541809013
oracle_condition_crc,condition_label_diagnostic_only,,0.05,color_s1,0.05,0.041444271215357965,-0.008555728784642037,0.041444271215357965
oracle_condition_crc,condition_label_diagnostic_only,,0.05,color_s2,0.039999999999999994,0.04262755143603332,-0.007372448563966683,0.04262755143603332
oracle_condition_crc,condition_label_diagnostic_only,,0.05,color_s3,0.030000000000000006,0.048266422857713584,-0.0017335771422864188,0.048266422857713584
oracle_condition_crc,condition_label_diagnostic_only,,0.05,turbidity_s1,0.039999999999999994,0.04011314403215139,-0.009886855967848614,0.04011314403215139
oracle_condition_crc,condition_label_diagnostic_only,,0.05,turbidity_s2,0.030000000000000006,0.04371069457656258,-0.006289305423437426,0.04371069457656258
oracle_condition_crc,condition_label_diagnostic_only,,0.05,turbidity_s3,0.009999999999999998,0.04833657628140793,-0.001663423718592072,0.04833657628140793
oracle_condition_crc,condition_label_diagnostic_only,,0.05,lowlight_s1,0.030000000000000006,0.038892667565163075,-0.011107332434836928,0.038892667565163075
oracle_condition_crc,condition_label_diagnostic_only,,0.05,lowlight_s2,0.009999999999999998,0.03679281945063308,-0.013207180549366926,0.03679281945063308
oracle_condition_crc,condition_label_diagnostic_only,,0.05,lowlight_s3,0.009999999999999998,0.05128431740834755,0.0012843174083475503,0.05128431740834755
oracle_condition_crc,condition_label_diagnostic_only,,0.05,blur_s1,0.019999999999999997,0.046684642139195286,-0.003315357860804717,0.046684642139195286
oracle_condition_crc,condition_label_diagnostic_only,,0.05,blur_s2,0.009999999999999998,0.06364241499513472,0.013642414995134716,0.06364241499513472
oracle_condition_crc,condition_label_diagnostic_only,,0.05,blur_s3,0.009999999999999998,0.07245998128104059,0.022459981281040584,0.07245998128104059
quality_group_crc_global_fallback,frozen_train_quality_groups_calibration_crc,20260722.0,0.05,clean,0.013091976516634051,0.03705474913804637,-0.012945250861953632,0.03705474913804637
quality_group_crc_global_fallback,frozen_train_quality_groups_calibration_crc,20260722.0,0.05,color_s1,0.015244618395303326,0.037751029461356604,-0.012248970538643399,0.037751029461356604
quality_group_crc_global_fallback,frozen_train_quality_groups_calibration_crc,20260722.0,0.05,color_s2,0.02256360078277887,0.04112158564339463,-0.008878414356605371,0.04112158564339463
quality_group_crc_global_fallback,frozen_train_quality_groups_calibration_crc,20260722.0,0.05,color_s3,0.02937377690802349,0.048266422857713584,-0.0017335771422864188,0.048266422857713584
quality_group_crc_global_fallback,frozen_train_quality_groups_calibration_crc,20260722.0,0.05,turbidity_s1,0.013757338551859103,0.037788828485645354,-0.012211171514354649,0.037788828485645354
quality_group_crc_global_fallback,frozen_train_quality_groups_calibration_crc,20260722.0,0.05,turbidity_s2,0.015362035225048925,0.04110206519968902,-0.00889793480031098,0.04110206519968902
quality_group_crc_global_fallback,frozen_train_quality_groups_calibration_crc,20260722.0,0.05,turbidity_s3,0.01837573385518591,0.04636925071838527,-0.003630749281614734,0.04636925071838527
quality_group_crc_global_fallback,frozen_train_quality_groups_calibration_crc,20260722.0,0.05,lowlight_s1,0.014031311154598826,0.03685109704412126,-0.013148902955878741,0.03685109704412126
quality_group_crc_global_fallback,frozen_train_quality_groups_calibration_crc,20260722.0,0.05,lowlight_s2,0.012465753424657534,0.03685054264827349,-0.013149457351726512,0.03685054264827349
quality_group_crc_global_fallback,frozen_train_quality_groups_calibration_crc,20260722.0,0.05,lowlight_s3,0.011839530332681019,0.05132383772275919,0.0013238377227591872,0.05132383772275919
quality_group_crc_global_fallback,frozen_train_quality_groups_calibration_crc,20260722.0,0.05,blur_s1,0.013405088062622313,0.045755151179464215,-0.004244848820535788,0.045755151179464215
quality_group_crc_global_fallback,frozen_train_quality_groups_calibration_crc,20260722.0,0.05,blur_s2,0.013405088062622313,0.06159180680637516,0.011591806806375157,0.06159180680637516
quality_group_crc_global_fallback,frozen_train_quality_groups_calibration_crc,20260722.0,0.05,blur_s3,0.013405088062622313,0.0699551151682661,0.01995511516826609,0.0699551151682661
quality_group_crc_global_fallback,frozen_train_quality_groups_calibration_crc,20260723.0,0.05,clean,0.013091976516634051,0.03705474913804637,-0.012945250861953632,0.03705474913804637
quality_group_crc_global_fallback,frozen_train_quality_groups_calibration_crc,20260723.0,0.05,color_s1,0.015166340508806261,0.037749260069664343,-0.01225073993033566,0.037749260069664343
quality_group_crc_global_fallback,frozen_train_quality_groups_calibration_crc,20260723.0,0.05,color_s2,0.022524461839530337,0.04112158564339463,-0.008878414356605371,0.04112158564339463
quality_group_crc_global_fallback,frozen_train_quality_groups_calibration_crc,20260723.0,0.05,color_s3,0.029334637964774958,0.048266422857713584,-0.0017335771422864188,0.048266422857713584
quality_group_crc_global_fallback,frozen_train_quality_groups_calibration_crc,20260723.0,0.05,turbidity_s1,0.013757338551859103,0.037788828485645354,-0.012211171514354649,0.037788828485645354
quality_group_crc_global_fallback,frozen_train_quality_groups_calibration_crc,20260723.0,0.05,turbidity_s2,0.015362035225048925,0.04110206519968902,-0.00889793480031098,0.04110206519968902
quality_group_crc_global_fallback,frozen_train_quality_groups_calibration_crc,20260723.0,0.05,turbidity_s3,0.018414872798434442,0.04636925071838527,-0.003630749281614734,0.04636925071838527
quality_group_crc_global_fallback,frozen_train_quality_groups_calibration_crc,20260723.0,0.05,lowlight_s1,0.014031311154598826,0.03685109704412126,-0.013148902955878741,0.03685109704412126
quality_group_crc_global_fallback,frozen_train_quality_groups_calibration_crc,20260723.0,0.05,lowlight_s2,0.012465753424657534,0.03685054264827349,-0.013149457351726512,0.03685054264827349
quality_group_crc_global_fallback,frozen_train_quality_groups_calibration_crc,20260723.0,0.05,lowlight_s3,0.011839530332681019,0.05132383772275919,0.0013238377227591872,0.05132383772275919
quality_group_crc_global_fallback,frozen_train_quality_groups_calibration_crc,20260723.0,0.05,blur_s1,0.013405088062622313,0.045755151179464215,-0.004244848820535788,0.045755151179464215
quality_group_crc_global_fallback,frozen_train_quality_groups_calibration_crc,20260723.0,0.05,blur_s2,0.013405088062622313,0.06159180680637516,0.011591806806375157,0.06159180680637516
quality_group_crc_global_fallback,frozen_train_quality_groups_calibration_crc,20260723.0,0.05,blur_s3,0.013444227005870843,0.0699551151682661,0.01995511516826609,0.0699551151682661
quality_group_crc_global_fallback,frozen_train_quality_groups_calibration_crc,20260724.0,0.05,clean,0.013091976516634051,0.03705474913804637,-0.012945250861953632,0.03705474913804637
quality_group_crc_global_fallback,frozen_train_quality_groups_calibration_crc,20260724.0,0.05,color_s1,0.0150880626223092,0.037742890259754476,-0.012257109740245527,0.037742890259754476
quality_group_crc_global_fallback,frozen_train_quality_groups_calibration_crc,20260724.0,0.05,color_s2,0.022446183953033272,0.04112052400844762,-0.00887947599155238,0.04112052400844762
quality_group_crc_global_fallback,frozen_train_quality_groups_calibration_crc,20260724.0,0.05,color_s3,0.029334637964774958,0.048266422857713584,-0.0017335771422864188,0.048266422857713584
quality_group_crc_global_fallback,frozen_train_quality_groups_calibration_crc,20260724.0,0.05,turbidity_s1,0.013757338551859103,0.037788828485645354,-0.012211171514354649,0.037788828485645354
quality_group_crc_global_fallback,frozen_train_quality_groups_calibration_crc,20260724.0,0.05,turbidity_s2,0.015362035225048925,0.04110206519968902,-0.00889793480031098,0.04110206519968902
quality_group_crc_global_fallback,frozen_train_quality_groups_calibration_crc,20260724.0,0.05,turbidity_s3,0.01829745596868885,0.04623753413481231,-0.003762465865187692,0.04623753413481231
quality_group_crc_global_fallback,frozen_train_quality_groups_calibration_crc,20260724.0,0.05,lowlight_s1,0.014031311154598826,0.03685109704412126,-0.013148902955878741,0.03685109704412126
quality_group_crc_global_fallback,frozen_train_quality_groups_calibration_crc,20260724.0,0.05,lowlight_s2,0.012465753424657534,0.03685054264827349,-0.013149457351726512,0.03685054264827349
quality_group_crc_global_fallback,frozen_train_quality_groups_calibration_crc,20260724.0,0.05,lowlight_s3,0.011839530332681019,0.05132383772275919,0.0013238377227591872,0.05132383772275919
quality_group_crc_global_fallback,frozen_train_quality_groups_calibration_crc,20260724.0,0.05,blur_s1,0.013405088062622313,0.045755151179464215,-0.004244848820535788,0.045755151179464215
quality_group_crc_global_fallback,frozen_train_quality_groups_calibration_crc,20260724.0,0.05,blur_s2,0.013405088062622313,0.06159180680637516,0.011591806806375157,0.06159180680637516
quality_group_crc_global_fallback,frozen_train_quality_groups_calibration_crc,20260724.0,0.05,blur_s3,0.013365949119373778,0.0699551151682661,0.01995511516826609,0.0699551151682661
global_crc,calibration_cluster_mean,,0.1,clean,0.22000000000000006,0.06510640430975424,-0.03489359569024576,0.06510640430975424
global_crc,calibration_cluster_mean,,0.1,color_s1,0.22000000000000006,0.06622363946609265,-0.033776360533907354,0.06622363946609265
global_crc,calibration_cluster_mean,,0.1,color_s2,0.22000000000000006,0.06993868118475524,-0.030061318815244764,0.06993868118475524
global_crc,calibration_cluster_mean,,0.1,color_s3,0.22000000000000006,0.07492089135287085,-0.02507910864712916,0.07492089135287085
global_crc,calibration_cluster_mean,,0.1,turbidity_s1,0.22000000000000006,0.06558164103271498,-0.034418358967285026,0.06558164103271498
global_crc,calibration_cluster_mean,,0.1,turbidity_s2,0.22000000000000006,0.06648208460815655,-0.033517915391843456,0.06648208460815655
global_crc,calibration_cluster_mean,,0.1,turbidity_s3,0.22000000000000006,0.07369439632753949,-0.026305603672460515,0.07369439632753949
global_crc,calibration_cluster_mean,,0.1,lowlight_s1,0.22000000000000006,0.06706519611031747,-0.032934803889682535,0.06706519611031747
global_crc,calibration_cluster_mean,,0.1,lowlight_s2,0.22000000000000006,0.06896537010295503,-0.031034629897044974,0.06896537010295503
global_crc,calibration_cluster_mean,,0.1,lowlight_s3,0.22000000000000006,0.08157865841027327,-0.018421341589726734,0.08157865841027327
global_crc,calibration_cluster_mean,,0.1,blur_s1,0.22000000000000006,0.06984408010566678,-0.030155919894333222,0.06984408010566678
global_crc,calibration_cluster_mean,,0.1,blur_s2,0.22000000000000006,0.09238128613046354,-0.00761871386953647,0.09238128613046354
global_crc,calibration_cluster_mean,,0.1,blur_s3,0.22000000000000006,0.10027981566109398,0.00027981566109397393,0.10027981566109398
oracle_condition_crc,condition_label_diagnostic_only,,0.1,clean,0.30999999999999994,0.07791256506019112,-0.022087434939808887,0.07791256506019112
oracle_condition_crc,condition_label_diagnostic_only,,0.1,color_s1,0.2800000000000001,0.07515207222510684,-0.02484792777489317,0.07515207222510684
oracle_condition_crc,condition_label_diagnostic_only,,0.1,color_s2,0.2800000000000001,0.07940221789902178,-0.02059778210097822,0.07940221789902178
oracle_condition_crc,condition_label_diagnostic_only,,0.1,color_s3,0.25,0.08008972444963858,-0.019910275550361428,0.08008972444963858
oracle_condition_crc,condition_label_diagnostic_only,,0.1,turbidity_s1,0.2899999999999999,0.07532230200722231,-0.024677697992777692,0.07532230200722231
oracle_condition_crc,condition_label_diagnostic_only,,0.1,turbidity_s2,0.25,0.07102899228711282,-0.028971007712887187,0.07102899228711282
oracle_condition_crc,condition_label_diagnostic_only,,0.1,turbidity_s3,0.18999999999999995,0.06927863328975996,-0.030721366710240047,0.06927863328975996
oracle_condition_crc,condition_label_diagnostic_only,,0.1,lowlight_s1,0.2800000000000001,0.07581292381879205,-0.024187076181207953,0.07581292381879205
oracle_condition_crc,condition_label_diagnostic_only,,0.1,lowlight_s2,0.22000000000000006,0.06896537010295503,-0.031034629897044974,0.06896537010295503
oracle_condition_crc,condition_label_diagnostic_only,,0.1,lowlight_s3,0.1,0.06534944493469369,-0.034650555065306315,0.06534944493469369
oracle_condition_crc,condition_label_diagnostic_only,,0.1,blur_s1,0.2599999999999999,0.07549556492898,-0.02450443507102,0.07549556492898
oracle_condition_crc,condition_label_diagnostic_only,,0.1,blur_s2,0.15999999999999998,0.0838679935337022,-0.01613200646629781,0.0838679935337022
oracle_condition_crc,condition_label_diagnostic_only,,0.1,blur_s3,0.11000000000000003,0.08339527068676066,-0.01660472931323935,0.08339527068676066
quality_group_crc_global_fallback,frozen_train_quality_groups_calibration_crc,20260722.0,0.1,clean,0.19845401174168298,0.06176153471911931,-0.03823846528088069,0.06176153471911931
quality_group_crc_global_fallback,frozen_train_quality_groups_calibration_crc,20260722.0,0.1,color_s1,0.20432485322896282,0.0630284245698059,-0.03697157543019411,0.0630284245698059
quality_group_crc_global_fallback,frozen_train_quality_groups_calibration_crc,20260722.0,0.1,color_s2,0.22585127201565558,0.07078496421677737,-0.02921503578322264,0.07078496421677737
quality_group_crc_global_fallback,frozen_train_quality_groups_calibration_crc,20260722.0,0.1,color_s3,0.247573385518591,0.08001846435938362,-0.019981535640616388,0.08001846435938362
quality_group_crc_global_fallback,frozen_train_quality_groups_calibration_crc,20260722.0,0.1,turbidity_s1,0.20072407045009782,0.062490326050102143,-0.03750967394989786,0.062490326050102143
quality_group_crc_global_fallback,frozen_train_quality_groups_calibration_crc,20260722.0,0.1,turbidity_s2,0.20608610567514674,0.064318758691288,-0.035681241308712,0.064318758691288
quality_group_crc_global_fallback,frozen_train_quality_groups_calibration_crc,20260722.0,0.1,turbidity_s3,0.21512720156555773,0.07343661923014384,-0.026563380769856162,0.07343661923014384
quality_group_crc_global_fallback,frozen_train_quality_groups_calibration_crc,20260722.0,0.1,lowlight_s1,0.19649706457925636,0.06252150553603096,-0.037478494463969045,0.06252150553603096
quality_group_crc_global_fallback,frozen_train_quality_groups_calibration_crc,20260722.0,0.1,lowlight_s2,0.17994129158512717,0.06182857626177568,-0.038171423738224325,0.06182857626177568
quality_group_crc_global_fallback,frozen_train_quality_groups_calibration_crc,20260722.0,0.1,lowlight_s3,0.17735812133072407,0.07573146382728631,-0.024268536172713698,0.07573146382728631
quality_group_crc_global_fallback,frozen_train_quality_groups_calibration_crc,20260722.0,0.1,blur_s1,0.19888454011741682,0.06686582342264917,-0.033134176577350835,0.06686582342264917
quality_group_crc_global_fallback,frozen_train_quality_groups_calibration_crc,20260722.0,0.1,blur_s2,0.19884540117416827,0.08849854265403917,-0.011501457345960836,0.08849854265403917
quality_group_crc_global_fallback,frozen_train_quality_groups_calibration_crc,20260722.0,0.1,blur_s3,0.19884540117416827,0.09589316827318699,-0.004106831726813018,0.09589316827318699
quality_group_crc_global_fallback,frozen_train_quality_groups_calibration_crc,20260723.0,0.1,clean,0.1904109589041096,0.06050476073207406,-0.03949523926792595,0.06050476073207406
quality_group_crc_global_fallback,frozen_train_quality_groups_calibration_crc,20260723.0,0.1,color_s1,0.19733855185909982,0.06180769466355793,-0.03819230533644208,0.06180769466355793
quality_group_crc_global_fallback,frozen_train_quality_groups_calibration_crc,20260723.0,0.1,color_s2,0.2228962818003914,0.07020309271324274,-0.029796907286757268,0.07020309271324274
quality_group_crc_global_fallback,frozen_train_quality_groups_calibration_crc,20260723.0,0.1,color_s3,0.24737769080234834,0.08001846435938362,-0.019981535640616388,0.08001846435938362
quality_group_crc_global_fallback,frozen_train_quality_groups_calibration_crc,20260723.0,0.1,turbidity_s1,0.19287671232876713,0.06121447622088475,-0.038785523779115254,0.06121447622088475
quality_group_crc_global_fallback,frozen_train_quality_groups_calibration_crc,20260723.0,0.1,turbidity_s2,0.19876712328767124,0.0632629973575166,-0.036737002642483405,0.0632629973575166
quality_group_crc_global_fallback,frozen_train_quality_groups_calibration_crc,20260723.0,0.1,turbidity_s3,0.20945205479452056,0.07272417732119346,-0.027275822678806544,0.07272417732119346
quality_group_crc_global_fallback,frozen_train_quality_groups_calibration_crc,20260723.0,0.1,lowlight_s1,0.19129158512720157,0.061569891667021176,-0.03843010833297883,0.061569891667021176
quality_group_crc_global_fallback,frozen_train_quality_groups_calibration_crc,20260723.0,0.1,lowlight_s2,0.17990215264187864,0.06182857626177568,-0.038171423738224325,0.06182857626177568
quality_group_crc_global_fallback,frozen_train_quality_groups_calibration_crc,20260723.0,0.1,lowlight_s3,0.17735812133072407,0.07573146382728631,-0.024268536172713698,0.07573146382728631
quality_group_crc_global_fallback,frozen_train_quality_groups_calibration_crc,20260723.0,0.1,blur_s1,0.19125244618395307,0.06582305872846869,-0.034176941271531314,0.06582305872846869
quality_group_crc_global_fallback,frozen_train_quality_groups_calibration_crc,20260723.0,0.1,blur_s2,0.19123287671232878,0.08761470639996628,-0.012385293600033723,0.08761470639996628
quality_group_crc_global_fallback,frozen_train_quality_groups_calibration_crc,20260723.0,0.1,blur_s3,0.19136986301369865,0.09450859427246766,-0.005491405727532345,0.09450859427246766
quality_group_crc_global_fallback,frozen_train_quality_groups_calibration_crc,20260724.0,0.1,clean,0.19845401174168298,0.06176153471911931,-0.03823846528088069,0.06176153471911931
quality_group_crc_global_fallback,frozen_train_quality_groups_calibration_crc,20260724.0,0.1,color_s1,0.20377690802348336,0.06310784905451672,-0.03689215094548329,0.06310784905451672
quality_group_crc_global_fallback,frozen_train_quality_groups_calibration_crc,20260724.0,0.1,color_s2,0.22545988258317023,0.0706508896811847,-0.029349110318815305,0.0706508896811847
quality_group_crc_global_fallback,frozen_train_quality_groups_calibration_crc,20260724.0,0.1,color_s3,0.2474168297455969,0.08001846435938362,-0.019981535640616388,0.08001846435938362
quality_group_crc_global_fallback,frozen_train_quality_groups_calibration_crc,20260724.0,0.1,turbidity_s1,0.20072407045009782,0.062490326050102143,-0.03750967394989786,0.062490326050102143
quality_group_crc_global_fallback,frozen_train_quality_groups_calibration_crc,20260724.0,0.1,turbidity_s2,0.20608610567514674,0.064318758691288,-0.035681241308712,0.064318758691288
quality_group_crc_global_fallback,frozen_train_quality_groups_calibration_crc,20260724.0,0.1,turbidity_s3,0.21489236790606653,0.07339758709643582,-0.026602412903564188,0.07339758709643582
quality_group_crc_global_fallback,frozen_train_quality_groups_calibration_crc,20260724.0,0.1,lowlight_s1,0.1964579256360078,0.06252150553603096,-0.037478494463969045,0.06252150553603096
quality_group_crc_global_fallback,frozen_train_quality_groups_calibration_crc,20260724.0,0.1,lowlight_s2,0.17994129158512717,0.06182857626177568,-0.038171423738224325,0.06182857626177568
quality_group_crc_global_fallback,frozen_train_quality_groups_calibration_crc,20260724.0,0.1,lowlight_s3,0.17735812133072407,0.07573146382728631,-0.024268536172713698,0.07573146382728631
quality_group_crc_global_fallback,frozen_train_quality_groups_calibration_crc,20260724.0,0.1,blur_s1,0.19888454011741682,0.06686582342264917,-0.033134176577350835,0.06686582342264917
quality_group_crc_global_fallback,frozen_train_quality_groups_calibration_crc,20260724.0,0.1,blur_s2,0.19884540117416827,0.08849854265403917,-0.011501457345960836,0.08849854265403917
quality_group_crc_global_fallback,frozen_train_quality_groups_calibration_crc,20260724.0,0.1,blur_s3,0.19872798434442265,0.09589316827318699,-0.004106831726813018,0.09589316827318699
global_crc,calibration_cluster_mean,,0.15,clean,0.4699999999999998,0.10328902044917758,-0.046710979550822415,0.10328902044917758
global_crc,calibration_cluster_mean,,0.15,color_s1,0.4699999999999998,0.10479096664379516,-0.04520903335620484,0.10479096664379516
global_crc,calibration_cluster_mean,,0.15,color_s2,0.4699999999999998,0.11002236356000171,-0.039977636439998285,0.11002236356000171
global_crc,calibration_cluster_mean,,0.15,color_s3,0.4699999999999998,0.11964783085561935,-0.030352169144380645,0.11964783085561935
global_crc,calibration_cluster_mean,,0.15,turbidity_s1,0.4699999999999998,0.10376768099353438,-0.046232319006465614,0.10376768099353438
global_crc,calibration_cluster_mean,,0.15,turbidity_s2,0.4699999999999998,0.106241323598302,-0.04375867640169799,0.106241323598302
global_crc,calibration_cluster_mean,,0.15,turbidity_s3,0.4699999999999998,0.1155641453092313,-0.034435854690768694,0.1155641453092313
global_crc,calibration_cluster_mean,,0.15,lowlight_s1,0.4699999999999998,0.10627292784585819,-0.0437270721541418,0.10627292784585819
global_crc,calibration_cluster_mean,,0.15,lowlight_s2,0.4699999999999998,0.1099428777091738,-0.0400571222908262,0.1099428777091738
global_crc,calibration_cluster_mean,,0.15,lowlight_s3,0.4699999999999998,0.12336312972600286,-0.026636870273997137,0.12336312972600286
global_crc,calibration_cluster_mean,,0.15,blur_s1,0.4699999999999998,0.10647233204747876,-0.043527667952521235,0.10647233204747876
global_crc,calibration_cluster_mean,,0.15,blur_s2,0.4699999999999998,0.1306922157545179,-0.0193077842454821,0.1306922157545179
global_crc,calibration_cluster_mean,,0.15,blur_s3,0.4699999999999998,0.14368076256449916,-0.006319237435500835,0.14368076256449916
oracle_condition_crc,condition_label_diagnostic_only,,0.15,clean,0.57,0.11954909434281549,-0.0304509056571845,0.11954909434281549
oracle_condition_crc,condition_label_diagnostic_only,,0.15,color_s1,0.5400000000000001,0.11580984481214408,-0.03419015518785591,0.11580984481214408
oracle_condition_crc,condition_label_diagnostic_only,,0.15,color_s2,0.5300000000000001,0.11964000677087899,-0.030359993229121,0.11964000677087899
oracle_condition_crc,condition_label_diagnostic_only,,0.15,color_s3,0.5,0.12464390583245369,-0.025356094167546306,0.12464390583245369
oracle_condition_crc,condition_label_diagnostic_only,,0.15,turbidity_s1,0.5499999999999999,0.1164483541384958,-0.03355164586150419,0.1164483541384958
oracle_condition_crc,condition_label_diagnostic_only,,0.15,turbidity_s2,0.5300000000000001,0.11582548333419625,-0.03417451666580375,0.11582548333419625
oracle_condition_crc,condition_label_diagnostic_only,,0.15,turbidity_s3,0.45000000000000007,0.11212783312129594,-0.03787216687870405,0.11212783312129594
oracle_condition_crc,condition_label_diagnostic_only,,0.15,lowlight_s1,0.5300000000000001,0.11567663687280513,-0.03432336312719486,0.11567663687280513
oracle_condition_crc,condition_label_diagnostic_only,,0.15,lowlight_s2,0.4699999999999998,0.1099428777091738,-0.0400571222908262,0.1099428777091738
oracle_condition_crc,condition_label_diagnostic_only,,0.15,lowlight_s3,0.35,0.10228225609968569,-0.0477177439003143,0.10228225609968569
oracle_condition_crc,condition_label_diagnostic_only,,0.15,blur_s1,0.5099999999999998,0.11251223678241001,-0.03748776321758998,0.11251223678241001
oracle_condition_crc,condition_label_diagnostic_only,,0.15,blur_s2,0.39,0.11840072523317778,-0.031599274766822213,0.11840072523317778
oracle_condition_crc,condition_label_diagnostic_only,,0.15,blur_s3,0.29999999999999993,0.11348970788824891,-0.03651029211175108,0.11348970788824891
quality_group_crc_global_fallback,frozen_train_quality_groups_calibration_crc,20260722.0,0.15,clean,0.46536203522504893,0.10269031758031767,-0.04730968241968232,0.10269031758031767
quality_group_crc_global_fallback,frozen_train_quality_groups_calibration_crc,20260722.0,0.15,color_s1,0.4690802348336595,0.10434155337020234,-0.04565844662979765,0.10434155337020234
quality_group_crc_global_fallback,frozen_train_quality_groups_calibration_crc,20260722.0,0.15,color_s2,0.4832876712328767,0.1123622001699284,-0.037637799830071594,0.1123622001699284
quality_group_crc_global_fallback,frozen_train_quality_groups_calibration_crc,20260722.0,0.15,color_s3,0.49819960861056756,0.1245024729273654,-0.0254975270726346,0.1245024729273654
quality_group_crc_global_fallback,frozen_train_quality_groups_calibration_crc,20260722.0,0.15,turbidity_s1,0.46696673189823873,0.10329993524252441,-0.04670006475747558,0.10329993524252441
quality_group_crc_global_fallback,frozen_train_quality_groups_calibration_crc,20260722.0,0.15,turbidity_s2,0.4707240704500979,0.10600428269408048,-0.043995717305919516,0.10600428269408048
quality_group_crc_global_fallback,frozen_train_quality_groups_calibration_crc,20260722.0,0.15,turbidity_s3,0.4767514677103718,0.1169947070801507,-0.0330052929198493,0.1169947070801507
quality_group_crc_global_fallback,frozen_train_quality_groups_calibration_crc,20260722.0,0.15,lowlight_s1,0.4624657534246575,0.1048617859284236,-0.045138214071576394,0.1048617859284236
quality_group_crc_global_fallback,frozen_train_quality_groups_calibration_crc,20260722.0,0.15,lowlight_s2,0.4474755381604698,0.10620105931036126,-0.04379894068963873,0.10620105931036126
quality_group_crc_global_fallback,frozen_train_quality_groups_calibration_crc,20260722.0,0.15,lowlight_s3,0.44551859099804314,0.11901568852738298,-0.030984311472617015,0.11901568852738298
quality_group_crc_global_fallback,frozen_train_quality_groups_calibration_crc,20260722.0,0.15,blur_s1,0.4654794520547946,0.10598532409926653,-0.04401467590073346,0.10598532409926653
quality_group_crc_global_fallback,frozen_train_quality_groups_calibration_crc,20260722.0,0.15,blur_s2,0.465440313111546,0.13014433307695453,-0.019855666923045467,0.13014433307695453
quality_group_crc_global_fallback,frozen_train_quality_groups_calibration_crc,20260722.0,0.15,blur_s3,0.465440313111546,0.14319502656700342,-0.006804973432996575,0.14319502656700342
quality_group_crc_global_fallback,frozen_train_quality_groups_calibration_crc,20260723.0,0.15,clean,0.46536203522504893,0.10269031758031767,-0.04730968241968232,0.10269031758031767
quality_group_crc_global_fallback,frozen_train_quality_groups_calibration_crc,20260723.0,0.15,color_s1,0.46884540117416834,0.10433418846399209,-0.045665811536007905,0.10433418846399209
quality_group_crc_global_fallback,frozen_train_quality_groups_calibration_crc,20260723.0,0.15,color_s2,0.48317025440313105,0.11235099538611458,-0.037649004613885415,0.11235099538611458
quality_group_crc_global_fallback,frozen_train_quality_groups_calibration_crc,20260723.0,0.15,color_s3,0.4980821917808219,0.1245024729273654,-0.0254975270726346,0.1245024729273654
quality_group_crc_global_fallback,frozen_train_quality_groups_calibration_crc,20260723.0,0.15,turbidity_s1,0.46696673189823873,0.10329993524252441,-0.04670006475747558,0.10329993524252441
quality_group_crc_global_fallback,frozen_train_quality_groups_calibration_crc,20260723.0,0.15,turbidity_s2,0.4707240704500979,0.10600428269408048,-0.043995717305919516,0.10600428269408048
quality_group_crc_global_fallback,frozen_train_quality_groups_calibration_crc,20260723.0,0.15,turbidity_s3,0.47682974559686886,0.11706649308885303,-0.032933506911146965,0.11706649308885303
quality_group_crc_global_fallback,frozen_train_quality_groups_calibration_crc,20260723.0,0.15,lowlight_s1,0.46242661448140904,0.10484666668100807,-0.04515333331899192,0.10484666668100807
quality_group_crc_global_fallback,frozen_train_quality_groups_calibration_crc,20260723.0,0.15,lowlight_s2,0.4474755381604698,0.10620105931036126,-0.04379894068963873,0.10620105931036126
quality_group_crc_global_fallback,frozen_train_quality_groups_calibration_crc,20260723.0,0.15,lowlight_s3,0.44551859099804314,0.11901568852738298,-0.030984311472617015,0.11901568852738298
quality_group_crc_global_fallback,frozen_train_quality_groups_calibration_crc,20260723.0,0.15,blur_s1,0.4654794520547946,0.10598532409926653,-0.04401467590073346,0.10598532409926653
quality_group_crc_global_fallback,frozen_train_quality_groups_calibration_crc,20260723.0,0.15,blur_s2,0.465440313111546,0.13014433307695453,-0.019855666923045467,0.13014433307695453
quality_group_crc_global_fallback,frozen_train_quality_groups_calibration_crc,20260723.0,0.15,blur_s3,0.46551859099804305,0.14326465601900334,-0.00673534398099665,0.14326465601900334
quality_group_crc_global_fallback,frozen_train_quality_groups_calibration_crc,20260724.0,0.15,clean,0.46536203522504893,0.10269031758031767,-0.04730968241968232,0.10269031758031767
quality_group_crc_global_fallback,frozen_train_quality_groups_calibration_crc,20260724.0,0.15,color_s1,0.46868884540117417,0.10434257515317748,-0.04565742484682252,0.10434257515317748
quality_group_crc_global_fallback,frozen_train_quality_groups_calibration_crc,20260724.0,0.15,color_s2,0.483013698630137,0.11227673785506981,-0.037723262144930186,0.11227673785506981
quality_group_crc_global_fallback,frozen_train_quality_groups_calibration_crc,20260724.0,0.15,color_s3,0.4980821917808219,0.1245024729273654,-0.0254975270726346,0.1245024729273654
quality_group_crc_global_fallback,frozen_train_quality_groups_calibration_crc,20260724.0,0.15,turbidity_s1,0.46696673189823873,0.10329993524252441,-0.04670006475747558,0.10329993524252441
quality_group_crc_global_fallback,frozen_train_quality_groups_calibration_crc,20260724.0,0.15,turbidity_s2,0.4707240704500979,0.10600428269408048,-0.043995717305919516,0.10600428269408048
quality_group_crc_global_fallback,frozen_train_quality_groups_calibration_crc,20260724.0,0.15,turbidity_s3,0.4765949119373777,0.11691429003310919,-0.03308570996689081,0.11691429003310919
quality_group_crc_global_fallback,frozen_train_quality_groups_calibration_crc,20260724.0,0.15,lowlight_s1,0.46242661448140904,0.10484666668100807,-0.04515333331899192,0.10484666668100807
quality_group_crc_global_fallback,frozen_train_quality_groups_calibration_crc,20260724.0,0.15,lowlight_s2,0.4474755381604698,0.10620105931036126,-0.04379894068963873,0.10620105931036126
quality_group_crc_global_fallback,frozen_train_quality_groups_calibration_crc,20260724.0,0.15,lowlight_s3,0.44551859099804314,0.11901568852738298,-0.030984311472617015,0.11901568852738298
quality_group_crc_global_fallback,frozen_train_quality_groups_calibration_crc,20260724.0,0.15,blur_s1,0.4654794520547946,0.10598532409926653,-0.04401467590073346,0.10598532409926653
quality_group_crc_global_fallback,frozen_train_quality_groups_calibration_crc,20260724.0,0.15,blur_s2,0.465440313111546,0.13014433307695453,-0.019855666923045467,0.13014433307695453
quality_group_crc_global_fallback,frozen_train_quality_groups_calibration_crc,20260724.0,0.15,blur_s3,0.4653620352250489,0.14319343856963326,-0.006806561430366731,0.14319343856963326
