region,score,baseline,metric,direction,mean_improvement,ci95_low,ci95_high,iterations,cluster_unit,images
boundary,raw_msp,calibrated_msp,eaurc,positive_is_better,-0.00011369763365167778,-0.0008493228900122489,0.0005753708818293442,1000,sample_id_with_all_13_conditions,511
boundary,raw_msp,calibrated_msp,error_auprc,positive_is_better,-0.00038181856438076464,-0.0016235387258006512,0.0008172810695362481,1000,sample_id_with_all_13_conditions,511
boundary,raw_msp,calibrated_msp,top_10_uncertainty_recall,positive_is_better,0.0004213445310283926,-0.00019608336334678517,0.001063017367337941,1000,sample_id_with_all_13_conditions,511
boundary,calibrated_msp,calibrated_msp,eaurc,positive_is_better,0.0,0.0,0.0,1000,sample_id_with_all_13_conditions,511
boundary,calibrated_msp,calibrated_msp,error_auprc,positive_is_better,0.0,0.0,0.0,1000,sample_id_with_all_13_conditions,511
boundary,calibrated_msp,calibrated_msp,top_10_uncertainty_recall,positive_is_better,0.0,0.0,0.0,1000,sample_id_with_all_13_conditions,511
boundary,entropy,calibrated_msp,eaurc,positive_is_better,-0.012540505635125907,-0.013997427176147307,-0.011118197292155529,1000,sample_id_with_all_13_conditions,511
boundary,entropy,calibrated_msp,error_auprc,positive_is_better,-0.022286588024137313,-0.02467706683663735,-0.020024966591530465,1000,sample_id_with_all_13_conditions,511
boundary,entropy,calibrated_msp,top_10_uncertainty_recall,positive_is_better,-0.010872882556790807,-0.012279039865054788,-0.009496914245833068,1000,sample_id_with_all_13_conditions,511
boundary,probability_margin,calibrated_msp,eaurc,positive_is_better,-0.00033748540062865536,-0.0009389576474384177,0.00026480898187204033,1000,sample_id_with_all_13_conditions,511
boundary,probability_margin,calibrated_msp,error_auprc,positive_is_better,-0.0036786468133427905,-0.005235607892555933,-0.0023511543556188857,1000,sample_id_with_all_13_conditions,511
boundary,probability_margin,calibrated_msp,top_10_uncertainty_recall,positive_is_better,-0.0008676828006691818,-0.0016676908618385537,-3.794787965959369e-05,1000,sample_id_with_all_13_conditions,511
boundary,logit_margin,calibrated_msp,eaurc,positive_is_better,-0.0018308650377193683,-0.0029118794623149633,-0.0008009766818358658,1000,sample_id_with_all_13_conditions,511
boundary,logit_margin,calibrated_msp,error_auprc,positive_is_better,-0.005238078074359743,-0.006902602874334342,-0.0035087050409902524,1000,sample_id_with_all_13_conditions,511
boundary,logit_margin,calibrated_msp,top_10_uncertainty_recall,positive_is_better,-0.0013579565922596166,-0.0022499069681666465,-0.0004570594141513079,1000,sample_id_with_all_13_conditions,511
boundary,energy,calibrated_msp,eaurc,positive_is_better,-0.024617025668611493,-0.0283149581219785,-0.021021834502596076,1000,sample_id_with_all_13_conditions,511
boundary,energy,calibrated_msp,error_auprc,positive_is_better,-0.047655645377286206,-0.052935453519779276,-0.04246495177309148,1000,sample_id_with_all_13_conditions,511
boundary,energy,calibrated_msp,top_10_uncertainty_recall,positive_is_better,-0.02682953502697668,-0.0297120966098233,-0.023931509638686222,1000,sample_id_with_all_13_conditions,511
boundary,local_disagreement,calibrated_msp,eaurc,positive_is_better,-0.06593732000031148,-0.06995630214321527,-0.0618855832320326,1000,sample_id_with_all_13_conditions,511
boundary,local_disagreement,calibrated_msp,error_auprc,positive_is_better,-0.07240654138740638,-0.07644423564486091,-0.06871243137866641,1000,sample_id_with_all_13_conditions,511
boundary,local_disagreement,calibrated_msp,top_10_uncertainty_recall,positive_is_better,-0.01156674794675544,-0.012726480823764758,-0.010456031510691669,1000,sample_id_with_all_13_conditions,511
full,raw_msp,calibrated_msp,eaurc,positive_is_better,0.00037455076225615145,-0.00012565153475254588,0.000900555748769366,1000,sample_id_with_all_13_conditions,511
full,raw_msp,calibrated_msp,error_auprc,positive_is_better,0.005199802576614833,0.0030214162123698425,0.007467982341010487,1000,sample_id_with_all_13_conditions,511
full,raw_msp,calibrated_msp,top_10_uncertainty_recall,positive_is_better,0.003907077194274698,0.0019454052348543303,0.0059589773007510775,1000,sample_id_with_all_13_conditions,511
full,calibrated_msp,calibrated_msp,eaurc,positive_is_better,0.0,0.0,0.0,1000,sample_id_with_all_13_conditions,511
full,calibrated_msp,calibrated_msp,error_auprc,positive_is_better,0.0,0.0,0.0,1000,sample_id_with_all_13_conditions,511
full,calibrated_msp,calibrated_msp,top_10_uncertainty_recall,positive_is_better,0.0,0.0,0.0,1000,sample_id_with_all_13_conditions,511
full,entropy,calibrated_msp,eaurc,positive_is_better,-0.003897891829091211,-0.004675150504852043,-0.0031671588917739062,1000,sample_id_with_all_13_conditions,511
full,entropy,calibrated_msp,error_auprc,positive_is_better,-0.04708577849181819,-0.051224924926437654,-0.04310991440222536,1000,sample_id_with_all_13_conditions,511
full,entropy,calibrated_msp,top_10_uncertainty_recall,positive_is_better,-0.04650294033490293,-0.05171292353197515,-0.04217900999213768,1000,sample_id_with_all_13_conditions,511
full,probability_margin,calibrated_msp,eaurc,positive_is_better,0.00017108909328280962,-0.00021044091319803441,0.0005320863334169828,1000,sample_id_with_all_13_conditions,511
full,probability_margin,calibrated_msp,error_auprc,positive_is_better,0.0020559500334703645,-0.0005543942022689695,0.004565915053860705,1000,sample_id_with_all_13_conditions,511
full,probability_margin,calibrated_msp,top_10_uncertainty_recall,positive_is_better,0.0030573334903384658,0.0009940355269389086,0.00509031673609362,1000,sample_id_with_all_13_conditions,511
full,logit_margin,calibrated_msp,eaurc,positive_is_better,-0.00023019595954651707,-0.0008973307299159266,0.00036575744646569485,1000,sample_id_with_all_13_conditions,511
full,logit_margin,calibrated_msp,error_auprc,positive_is_better,0.0004686433804406424,-0.002635374847994753,0.0035681891956866356,1000,sample_id_with_all_13_conditions,511
full,logit_margin,calibrated_msp,top_10_uncertainty_recall,positive_is_better,0.0012009523627273476,-0.001307655855663699,0.003970019072847565,1000,sample_id_with_all_13_conditions,511
full,energy,calibrated_msp,eaurc,positive_is_better,-0.024604757020520254,-0.028793888598451417,-0.02067773953575792,1000,sample_id_with_all_13_conditions,511
full,energy,calibrated_msp,error_auprc,positive_is_better,-0.11877185754791705,-0.128301477904749,-0.11013525641081828,1000,sample_id_with_all_13_conditions,511
full,energy,calibrated_msp,top_10_uncertainty_recall,positive_is_better,-0.12171600071498437,-0.13250901020890518,-0.11037232290434772,1000,sample_id_with_all_13_conditions,511
full,local_disagreement,calibrated_msp,eaurc,positive_is_better,-0.09151847805304127,-0.09806468746874226,-0.08523553970424573,1000,sample_id_with_all_13_conditions,511
full,local_disagreement,calibrated_msp,error_auprc,positive_is_better,-0.20786644884632327,-0.21742839812428036,-0.1984646761022093,1000,sample_id_with_all_13_conditions,511
full,local_disagreement,calibrated_msp,top_10_uncertainty_recall,positive_is_better,-0.19411500912307714,-0.20986375007344757,-0.17871950587996233,1000,sample_id_with_all_13_conditions,511
interior,raw_msp,calibrated_msp,eaurc,positive_is_better,0.0004378715061855396,-8.453778586711259e-05,0.0009387759835587853,1000,sample_id_with_all_13_conditions,511
interior,raw_msp,calibrated_msp,error_auprc,positive_is_better,,,,1000,sample_id_with_all_13_conditions,511
interior,raw_msp,calibrated_msp,top_10_uncertainty_recall,positive_is_better,,,,1000,sample_id_with_all_13_conditions,511
interior,calibrated_msp,calibrated_msp,eaurc,positive_is_better,0.0,0.0,0.0,1000,sample_id_with_all_13_conditions,511
interior,calibrated_msp,calibrated_msp,error_auprc,positive_is_better,,,,1000,sample_id_with_all_13_conditions,511
interior,calibrated_msp,calibrated_msp,top_10_uncertainty_recall,positive_is_better,,,,1000,sample_id_with_all_13_conditions,511
interior,entropy,calibrated_msp,eaurc,positive_is_better,-0.0034452027748196794,-0.004217819976046266,-0.0026012423693188027,1000,sample_id_with_all_13_conditions,511
interior,entropy,calibrated_msp,error_auprc,positive_is_better,,,,1000,sample_id_with_all_13_conditions,511
interior,entropy,calibrated_msp,top_10_uncertainty_recall,positive_is_better,,,,1000,sample_id_with_all_13_conditions,511
interior,probability_margin,calibrated_msp,eaurc,positive_is_better,0.0002379797685773054,-9.797845128506099e-05,0.0005937788706095125,1000,sample_id_with_all_13_conditions,511
interior,probability_margin,calibrated_msp,error_auprc,positive_is_better,,,,1000,sample_id_with_all_13_conditions,511
interior,probability_margin,calibrated_msp,top_10_uncertainty_recall,positive_is_better,,,,1000,sample_id_with_all_13_conditions,511
interior,logit_margin,calibrated_msp,eaurc,positive_is_better,-7.58013533761755e-05,-0.0007350112915262349,0.0006838021163020773,1000,sample_id_with_all_13_conditions,511
interior,logit_margin,calibrated_msp,error_auprc,positive_is_better,,,,1000,sample_id_with_all_13_conditions,511
interior,logit_margin,calibrated_msp,top_10_uncertainty_recall,positive_is_better,,,,1000,sample_id_with_all_13_conditions,511
interior,energy,calibrated_msp,eaurc,positive_is_better,-0.022480793163765236,-0.026204345400238964,-0.01855059061032636,1000,sample_id_with_all_13_conditions,511
interior,energy,calibrated_msp,error_auprc,positive_is_better,,,,1000,sample_id_with_all_13_conditions,511
interior,energy,calibrated_msp,top_10_uncertainty_recall,positive_is_better,,,,1000,sample_id_with_all_13_conditions,511
interior,local_disagreement,calibrated_msp,eaurc,positive_is_better,-0.08412347476095913,-0.09122142860871431,-0.07722337130540127,1000,sample_id_with_all_13_conditions,511
interior,local_disagreement,calibrated_msp,error_auprc,positive_is_better,,,,1000,sample_id_with_all_13_conditions,511
interior,local_disagreement,calibrated_msp,top_10_uncertainty_recall,positive_is_better,,,,1000,sample_id_with_all_13_conditions,511
